critic_review_id,critic_id,movie_id,score_100,letter_grade,review_title,review_text,reviewed_at,verdict,recommended
CRV00001,CRT001,MOV0054,61,C,낯섦을 선택한 연인의 불완전한 초상,기억을 지우는 장치는 흥미롭지만 관계의 균열을 충분히 축적하지 못한다.,2026-07-01T09:01:00Z,mixed,false
CRV00002,CRT001,MOV0075,44,D,회장을 찾다 길을 잃은 동호회,군상 코미디의 리듬이 반복되는 소동 속에서 빠르게 소진된다.,2026-07-01T09:02:00Z,skip,false
CRV00003,CRT001,MOV0033,79,B,안개를 가르는 22번의 신호,보이지 않는 해역을 음향과 공간 감각으로 설계한 해양 스릴러다.,2026-07-01T09:03:00Z,recommended,true
CRV00004,CRT001,MOV0026,64,C,빈 사물함에 남은 청춘의 불안,학교라는 폐쇄 공간은 유효하지만 결말의 설명이 지나치다.,2026-07-01T09:04:00Z,mixed,false
CRV00005,CRT001,MOV0116,66,C+,별을 줍는 새벽 노동의 우화,환경미화원의 노동과 환상을 잇는 다리는 아름답지만 다소 느슨하다.,2026-07-01T09:05:00Z,mixed,false
CRV00006,CRT001,MOV0063,73,B-,가족 계정에 로그인한 세대 갈등,디지털 사생활을 통해 모녀 관계를 현실적인 웃음으로 번역한다.,2026-07-01T09:06:00Z,recommended,false
CRV00007,CRT001,MOV0111,77,B,이름을 얻은 그림자의 윤리,존재와 호명의 문제를 한국 설화의 질감으로 흥미롭게 풀어낸다.,2026-07-01T09:07:00Z,recommended,true
CRV00008,CRT001,MOV0055,78,B,예약할 수 없는 첫눈의 순서,계절의 우연성을 연애의 망설임과 겹치는 연출이 섬세하다.,2026-07-01T09:08:00Z,recommended,true
CRV00009,CRT001,MOV0139,50,D,종이문 뒤에 갇힌 공포,한지의 질감은 선명하지만 공포의 원형을 새롭게 변주하지 못한다.,2026-07-01T09:09:00Z,skip,false
CRV00010,CRT001,MOV0175,89,A-,수화기 너머 새벽 노동의 얼굴,콜센터 상담원의 목소리를 감정 소비 없이 존중하며 기록한다.,2026-07-01T09:10:00Z,must_watch,true
CRV00011,CRT001,MOV0156,71,B-,파도에 닳은 유리의 노래,환경 메시지와 가족의 기억이 잔잔하게 맞물리는 해변 우화다.,2026-07-01T09:11:00Z,recommended,false
CRV00012,CRT001,MOV0087,85,A-,우주 엘리베이터 1층의 사람들,거대한 기술보다 기다리는 노동자와 승객의 일상을 바라보는 시선이 좋다.,2026-07-01T09:12:00Z,must_watch,true
CRV00013,CRT001,MOV0004,67,C+,우체통에 식지 않은 안부,기다림의 온도는 정확하지만 사연의 배열이 다소 예상 가능하다.,2026-07-01T09:13:00Z,mixed,false
CRV00014,CRT002,MOV0197,80,B+,도시 야경을 가르는 드론의 속도,레이스의 동선을 서울 지형과 맞물린 쾌감으로 완성한다.,2026-07-02T09:14:00Z,recommended,true
CRV00015,CRT002,MOV0184,70,B-,북항 컨테이너 사이의 추격,산업 공간을 활용한 액션은 좋지만 적대자의 윤곽은 얇다.,2026-07-02T09:15:00Z,recommended,false
CRV00016,CRT002,MOV0095,76,B,업데이트되는 얼굴과 흔들리는 자아,생체 기술의 공포를 정체성의 위기로 확장하는 힘이 있다.,2026-07-02T09:16:00Z,recommended,true
CRV00017,CRT002,MOV0057,81,B+,비어 있는 자리의 사용 설명서,상실 이후의 일상을 과장 없이 관찰해 감정의 빈칸을 남긴다.,2026-07-02T09:17:00Z,recommended,true
CRV00018,CRT002,MOV0073,89,A-,사라진 대리님의 업무 로그,회사 메신저와 결재선을 단서로 바꾸는 생활 추리의 재치가 빛난다.,2026-07-02T09:18:00Z,must_watch,true
CRV00019,CRT002,MOV0190,63,C,백두대간의 익숙한 구조 신호,설원 액션의 규모에 비해 대원들의 내적 갈등은 관습적이다.,2026-07-02T09:19:00Z,mixed,false
CRV00020,CRT002,MOV0113,75,B,한강을 걷는 물고기의 밤,도시의 외로움을 낯선 생명체의 이동으로 시각화한 상상력이 돋보인다.,2026-07-02T09:20:00Z,recommended,true
CRV00021,CRT002,MOV0195,86,A-,검은 파도 아래의 팀워크,수중 공간의 제한을 전술과 감정의 압력으로 동시에 활용한다.,2026-07-02T09:21:00Z,must_watch,true
CRV00022,CRT002,MOV0154,51,D,도깨비 방망이 수리 지연,민속 소재와 고객센터 농담이 한 가지 패턴을 벗어나지 못한다.,2026-07-02T09:22:00Z,skip,false
CRV00023,CRT002,MOV0072,89,A-,할머니가 선곡한 세대의 합창,코인 노래방이라는 작은 무대에서 노년의 욕망을 유쾌하게 해방한다.,2026-07-02T09:23:00Z,must_watch,true
CRV00024,CRT002,MOV0103,81,B+,지하철을 탄 비밀 정원의 노선도,도시 이동 체계와 생태 판타지를 매끄럽게 결합한다.,2026-07-02T09:24:00Z,recommended,true
CRV00025,CRT002,MOV0041,87,A-,오후 네 시에 멈춘 첫사랑,일상의 시간표 안에서 설렘의 미세한 변화를 포착하는 로맨스다.,2026-07-02T09:25:00Z,must_watch,true
CRV00026,CRT002,MOV0194,79,B,항공로 27의 교신 드라마,관제 음성과 계기 정보만으로도 충분한 긴장과 공간을 만든다.,2026-07-02T09:26:00Z,recommended,true
CRV00027,CRT003,MOV0143,60,C,종이컵 행성의 작은 궤도,재활용 소재의 미술은 인상적이나 모험의 서사적 추진력은 약하다.,2026-07-03T09:27:00Z,mixed,false
CRV00028,CRT003,MOV0031,89,A-,잠들지 않는 보관함의 도시 야사,심야 물품과 주인의 사연을 하나의 미스터리로 엮는 솜씨가 뛰어나다.,2026-07-03T09:28:00Z,must_watch,true
CRV00029,CRT003,MOV0051,66,C+,월세와 고백의 불편한 동거,주거 현실은 구체적이지만 로맨스가 문제를 지나치게 간단히 봉합한다.,2026-07-03T09:29:00Z,mixed,false
CRV00030,CRT003,MOV0178,52,D,고향을 번역하다 놓친 사람,언어의 정치성을 말하지만 인물은 주장을 전달하는 도구에 머문다.,2026-07-03T09:30:00Z,skip,false
CRV00031,CRT003,MOV0164,51,D,한 그릇에 과적된 이주 서사,다양성을 향한 선의가 인물의 구체성을 대신한다.,2026-07-03T09:31:00Z,skip,false
CRV00032,CRT003,MOV0071,84,B+,문 앞에 놓인 웃음의 배달,택배 노동의 동선을 이웃 관계의 지도처럼 활용한 생활 코미디다.,2026-07-03T09:32:00Z,recommended,true
CRV00033,CRT003,MOV0087,66,C+,거대한 승강기 아래 작은 일상,세계의 규모는 매력적이나 사건의 인과가 충분히 조여지지 않는다.,2026-07-03T09:33:00Z,mixed,false
CRV00034,CRT003,MOV0018,72,B-,냉장고가 보존한 가족의 계절,음식의 유통기한과 기억의 수명을 다정하게 포개 놓는다.,2026-07-03T09:34:00Z,recommended,false
CRV00035,CRT003,MOV0170,52,D,마지막 목욕탕에 남은 향수,지역 공동체의 상실을 익숙한 눈물 공식으로 단순화한다.,2026-07-03T09:35:00Z,skip,false
CRV00036,CRT003,MOV0030,61,C,신호등 없는 밤의 헐거운 추적,정전된 교차로는 탁월하지만 수사의 연결 고리가 약하다.,2026-07-03T09:36:00Z,mixed,false
CRV00037,CRT003,MOV0074,78,B,화분이 채용한 적임자,취업 경쟁을 반려식물의 생존 감각으로 비트는 농담이 신선하다.,2026-07-03T09:37:00Z,recommended,true
CRV00038,CRT003,MOV0053,78,B,렌즈에 잡히지 않는 바람의 표정,사진의 한계를 사랑의 거리로 치환하는 영상 언어가 섬세하다.,2026-07-03T09:38:00Z,recommended,true
CRV00039,CRT003,MOV0086,89,A-,2058년 식탁에 남은 오래된 손맛,미래 기술과 반찬 가게의 정서를 균형 있게 조리한다.,2026-07-03T09:39:00Z,must_watch,true
CRV00040,CRT004,MOV0032,66,C+,마지막 호출번호의 약한 응답,콜센터 공간은 살아 있으나 범죄의 동기가 충분히 설득되지 않는다.,2026-07-04T09:40:00Z,mixed,false
CRV00041,CRT004,MOV0036,88,A-,도서관 연체 기록이 밝힌 실종,대출 이력을 감정과 추리의 단서로 동시에 활용하는 수작이다.,2026-07-04T09:41:00Z,must_watch,true
CRV00042,CRT004,MOV0119,82,B+,나무가 외운 사라진 번지수,도시 개발로 지워진 장소의 기억을 생태 판타지로 복원한다.,2026-07-04T09:42:00Z,recommended,true
CRV00043,CRT004,MOV0090,72,B-,멈출 수 없는 도시의 피로,속도감 있는 형식은 효과적이나 메시지가 다소 직접적이다.,2026-07-04T09:43:00Z,recommended,false
CRV00044,CRT004,MOV0055,61,C,첫눈 예약표의 익숙한 문법,계절 이미지는 아름답지만 인물의 선택은 관습을 벗어나지 못한다.,2026-07-04T09:44:00Z,mixed,false
CRV00045,CRT004,MOV0026,57,C-,사물함 미스터리의 늦은 개봉,학교의 불안을 포착했지만 장르적 해답은 싱겁다.,2026-07-04T09:45:00Z,mixed,false
CRV00046,CRT004,MOV0157,88,A-,구름과 바람이 만든 가족의 기후,감정을 날씨의 움직임으로 번역한 애니메이션의 성취가 빼어나다.,2026-07-04T09:46:00Z,must_watch,true
CRV00047,CRT004,MOV0199,60,C,독도 기상대의 평온한 관측일,업무의 구체성은 좋지만 극적 배열은 다소 평탄하다.,2026-07-04T09:47:00Z,mixed,false
CRV00048,CRT004,MOV0028,61,C,검은 봉투가 만든 복잡한 동선,경로의 정교함에 비해 인물의 욕망은 단순하다.,2026-07-04T09:48:00Z,mixed,false
CRV00049,CRT004,MOV0072,97,A+,노래방 마이크를 쥔 가장 빛나는 노년,웃음과 존엄을 한 곡의 호흡으로 완성한 탁월한 코미디다.,2026-07-04T09:49:00Z,must_watch,true
CRV00050,CRT004,MOV0175,93,A,새벽 네 시에 연결된 마음들,상담 노동의 구조와 개인의 감정을 어느 쪽도 희생하지 않고 담아낸다.,2026-07-04T09:50:00Z,must_watch,true
CRV00051,CRT004,MOV0190,78,B,눈보라 속 구조대의 정확한 호흡,산악 지형과 팀의 판단을 정직한 액션으로 구축한다.,2026-07-04T09:51:00Z,recommended,true
CRV00052,CRT004,MOV0193,56,C-,707호를 맴도는 느린 추격,열차 공간의 잠재력을 반복되는 액션으로 소모한다.,2026-07-04T09:52:00Z,mixed,false
CRV00053,CRT005,MOV0001,85,A-,세탁물로 그린 새벽 도시의 지도,노동과 이웃의 역사를 생활의 얼룩 속에서 발견하는 시선이 깊다.,2026-07-05T09:53:00Z,must_watch,true
CRV00054,CRT005,MOV0151,89,A-,반달곰이 기록한 숲의 여름,동물의 시선을 의인화하지 않으면서도 충분한 감정을 전달한다.,2026-07-05T09:54:00Z,must_watch,true
CRV00055,CRT005,MOV0171,68,C+,교대 시간 사이에 놓인 삶,노동 기록의 진정성은 높지만 재연 장면의 개입이 거슬린다.,2026-07-05T09:55:00Z,mixed,false
CRV00056,CRT005,MOV0115,75,B,꿈길을 안내하는 야간 사무소,잠과 불안을 행정 절차로 바꾼 판타지가 독특하다.,2026-07-05T09:56:00Z,recommended,true
CRV00057,CRT005,MOV0103,79,B,지하철 노선 위로 번진 초록,도시 인프라와 비밀 정원의 충돌을 활기 있게 그린다.,2026-07-05T09:57:00Z,recommended,true
CRV00058,CRT005,MOV0030,52,D,사라진 신호등과 함께 꺼진 긴장,인상적인 출발을 편리한 직감 수사로 마무리한다.,2026-07-05T09:58:00Z,skip,false
CRV00059,CRT005,MOV0188,64,C,청해진의 그림자에 가려진 인물,해상 전투의 규모는 좋지만 역사적 갈등의 층위가 얕다.,2026-07-05T09:59:00Z,mixed,false
CRV00060,CRT005,MOV0029,96,A+,존재하지 않는 1602호의 완벽한 구조,아파트 평면과 주민 기억을 정교한 미스터리로 조립한 걸작이다.,2026-07-05T10:00:00Z,must_watch,true
CRV00061,CRT005,MOV0012,49,D,구두는 움직이고 서사는 제자리,행방을 좇는 과정이 우연과 감상에 지나치게 의존한다.,2026-07-05T10:01:00Z,skip,false
CRV00062,CRT005,MOV0112,98,A+,산신령도 피할 수 없는 민원 절차,설화와 관료제를 정확한 박자로 충돌시킨 한국형 판타지 코미디의 정점이다.,2026-07-05T10:02:00Z,must_watch,true
CRV00063,CRT005,MOV0143,63,C,종이컵으로 세운 작은 우주,재활용의 미감은 선명하지만 모험의 갈등은 어린 관객에게도 단순하다.,2026-07-05T10:03:00Z,mixed,false
CRV00064,CRT005,MOV0162,53,D,간판 글씨와 함께 사라진 맥락,도시 기록의 사례를 나열할 뿐 변화의 원인을 파고들지 않는다.,2026-07-05T10:04:00Z,skip,false
CRV00065,CRT005,MOV0099,79,B,별빛 우체국의 마지막 소인,폐점이라는 끝을 새로운 연결의 시작으로 바꾸는 정서가 좋다.,2026-07-05T10:05:00Z,recommended,true
CRV00066,CRT006,MOV0123,78,B,거울이 먼저 웃는 순간의 균열,반사와 지연을 활용한 시각적 공포가 효과적이다.,2026-07-06T10:06:00Z,recommended,true
CRV00067,CRT006,MOV0143,55,C-,행성보다 작은 탐험의 반경,종이컵 세계의 규칙이 에피소드마다 편의적으로 바뀐다.,2026-07-06T10:07:00Z,mixed,false
CRV00068,CRT006,MOV0155,81,B+,녹기 전에 떠난 눈사람의 봄,소멸을 두려움 대신 호기심으로 바라보는 따뜻한 성장담이다.,2026-07-06T10:08:00Z,recommended,true
CRV00069,CRT006,MOV0109,59,C-,시간 빵의 덜 익은 규칙,매력적인 가게 설정이 일관되지 않은 시간 논리에 흔들린다.,2026-07-06T10:09:00Z,mixed,false
CRV00070,CRT006,MOV0060,53,D,자막 없는 계절의 번역 실패,언어 차이를 말하지만 두 인물의 삶은 납작하게 처리된다.,2026-07-06T10:10:00Z,skip,false
CRV00071,CRT006,MOV0125,70,B-,빈 교실의 늦은 출석,학원 공포의 문법을 안정적으로 따르지만 새로운 질문은 적다.,2026-07-06T10:11:00Z,recommended,false
CRV00072,CRT006,MOV0156,75,B,바다 유리에 새겨진 가족의 노래,환경과 기억을 연결하는 이미지가 부드럽게 이어진다.,2026-07-06T10:12:00Z,recommended,true
CRV00073,CRT006,MOV0019,85,A-,두 번째 이름으로 다시 불린 항구,개발과 귀향의 역사를 주민의 언어 속에 밀도 있게 담는다.,2026-07-06T10:13:00Z,must_watch,true
CRV00074,CRT006,MOV0159,97,A+,파도에 지워지는 모래성 우체국,사라질 운명의 편지를 통해 기억과 작별을 아름답게 완성한다.,2026-07-06T10:14:00Z,must_watch,true
CRV00075,CRT006,MOV0186,62,C,88구역을 반복하는 야간 순찰,공간의 위협은 선명하지만 액션의 패턴이 단조롭다.,2026-07-06T10:15:00Z,mixed,false
CRV00076,CRT006,MOV0088,54,D,꿈 백업 보고서의 시스템 오류,기억 기술의 규칙과 인물의 선택 모두 설득력을 얻지 못한다.,2026-07-06T10:16:00Z,skip,false
CRV00077,CRT006,MOV0104,83,B+,구름의 상처를 꿰매는 장인,수선이라는 노동을 하늘의 기후와 연결한 시각적 상상력이 풍부하다.,2026-07-06T10:17:00Z,recommended,true
CRV00078,CRT006,MOV0170,58,C-,목욕탕의 온기만 남은 폐업기,공동체의 상실을 익숙한 인터뷰와 음악으로 포장한다.,2026-07-06T10:18:00Z,mixed,false
CRV00079,CRT007,MOV0125,74,B-,출석부가 기억한 마지막 학생,교실의 공백을 효과적으로 쓰지만 해답은 장르의 관습 안에 머문다.,2026-07-07T10:19:00Z,recommended,false
CRV00080,CRT007,MOV0090,60,C,멈춤 없는 도시의 단일 속도,형식의 질주는 인상적이나 인물의 호흡을 허락하지 않는다.,2026-07-07T10:20:00Z,mixed,false
CRV00081,CRT007,MOV0044,86,A-,퇴근 후 겨울 바다에서 시작된 대화,차가운 풍경과 미묘한 감정의 온도 차를 정교하게 조율한다.,2026-07-07T10:21:00Z,must_watch,true
CRV00082,CRT007,MOV0012,61,C,구두 한 켤레가 남긴 공백,사물의 기억은 섬세하지만 추적의 인과가 헐겁다.,2026-07-07T10:22:00Z,mixed,false
CRV00083,CRT007,MOV0177,55,C-,열두 사람 모두에게 부족한 무대,백스테이지 노동을 존중하지만 너무 많은 인물을 얕게 훑는다.,2026-07-07T10:23:00Z,mixed,false
CRV00084,CRT007,MOV0128,65,C+,물때표에 기록되지 않은 시간,섬의 시간 감각은 매혹적이나 미스터리의 봉합이 성급하다.,2026-07-07T10:24:00Z,mixed,false
CRV00085,CRT007,MOV0109,69,C+,빵집 오븐 속 시간의 결,맛과 기억의 비유는 좋지만 세계관 규칙이 일정하지 않다.,2026-07-07T10:25:00Z,mixed,false
CRV00086,CRT007,MOV0086,75,B,미래 식탁의 오래된 반찬통,기술보다 손맛을 중심에 둔 선택이 따뜻한 설득력을 만든다.,2026-07-07T10:26:00Z,recommended,true
CRV00087,CRT007,MOV0105,71,B-,기억을 심은 화원의 계절,꽃과 추억의 연결은 아름답지만 갈등의 해결은 다소 손쉽다.,2026-07-07T10:27:00Z,recommended,false
CRV00088,CRT007,MOV0020,55,C-,달력 뒤에 숨은 약속의 공백,시간 장치는 흥미롭지만 관계의 진실이 작위적이다.,2026-07-07T10:28:00Z,mixed,false
CRV00089,CRT007,MOV0013,86,A-,대답하지 않는 소양강의 깊이,겨울 풍경과 침묵으로 상실의 감정을 오래 남긴다.,2026-07-07T10:29:00Z,must_watch,true
CRV00090,CRT007,MOV0139,55,C-,종이문이 닫힌 뒤의 익숙한 소리,공간의 질감은 탁월하지만 공포의 서사는 낡았다.,2026-07-07T10:30:00Z,mixed,false
CRV00091,CRT007,MOV0050,64,C,여섯 시 온실의 정체된 온도,기다림의 미학이 인물의 반복된 망설임으로 희석된다.,2026-07-07T10:31:00Z,mixed,false
CRV00092,CRT008,MOV0083,74,B-,한강 수위 0미터가 드러낸 도시,재난 이후의 서울을 낯설게 보는 시선은 선명하나 후반은 관습적이다.,2026-07-08T10:32:00Z,recommended,false
CRV00093,CRT008,MOV0064,66,C+,세입자 대표 선거의 생활 정치,골목 민주주의의 디테일은 좋지만 소동의 반복이 길다.,2026-07-08T10:33:00Z,mixed,false
CRV00094,CRT008,MOV0047,58,C-,한강에 보내지 못한 문장,장소의 정서는 풍부하지만 연인의 갈등은 익숙한 오해에 머문다.,2026-07-08T10:34:00Z,mixed,false
CRV00095,CRT008,MOV0153,81,B+,북극여우가 만난 남쪽의 기후,생태 위기를 어린 관객의 모험과 자연스럽게 연결한다.,2026-07-08T10:35:00Z,recommended,true
CRV00096,CRT008,MOV0149,83,B+,느림을 무기로 달리는 특급열차,속도의 가치를 뒤집는 유머와 캐릭터 애니메이션이 사랑스럽다.,2026-07-08T10:36:00Z,recommended,true
CRV00097,CRT008,MOV0063,72,B-,비밀 계정으로 본 엄마의 청춘,세대 간 오해를 디지털 흔적과 따뜻한 유머로 푼다.,2026-07-08T10:37:00Z,recommended,false
CRV00098,CRT008,MOV0071,80,B+,택배 문구 뒤에 숨은 이웃의 얼굴,비대면 시대의 연결을 경쾌한 생활 코미디로 복원한다.,2026-07-08T10:38:00Z,recommended,true
CRV00099,CRT008,MOV0048,80,B+,두 우편번호가 만든 사랑의 거리,지역의 차이를 편지의 속도와 생활 감각으로 섬세하게 드러낸다.,2026-07-08T10:39:00Z,recommended,true
CRV00100,CRT008,MOV0185,68,C+,국경을 넘은 태권도의 반쪽 승부,문화 교류의 의도는 좋지만 경기 서사가 익숙한 성장 공식에 갇힌다.,2026-07-08T10:40:00Z,mixed,false
CRV00101,CRT008,MOV0007,62,C,월요일 고양이의 반복 업무,직장 풍자의 첫 발은 가볍지만 에피소드가 같은 자리를 맴돈다.,2026-07-08T10:41:00Z,mixed,false
CRV00102,CRT008,MOV0132,59,C-,벽지의 호흡보다 얕은 공포,생활 공간의 불쾌감은 좋지만 정체가 너무 익숙하다.,2026-07-08T10:42:00Z,mixed,false
CRV00103,CRT008,MOV0121,55,C-,0호실까지 이어지는 긴 복도,반복되는 공간 연출이 공포보다 피로를 만든다.,2026-07-08T10:43:00Z,mixed,false
CRV00104,CRT008,MOV0167,78,B,꺼지지 않은 교실의 증언,야간 자율학습의 기억을 서로 다른 세대의 목소리로 복원한다.,2026-07-08T10:44:00Z,recommended,true
CRV00105,CRT009,MOV0178,54,D,고향을 오역한 다큐멘터리,언어와 이주의 복잡성을 단정적인 결론으로 줄인다.,2026-07-09T10:45:00Z,skip,false
CRV00106,CRT009,MOV0057,64,C,빈자리의 감정을 오래 응시하다,절제된 시작과 달리 후반은 같은 슬픔을 반복한다.,2026-07-09T10:46:00Z,mixed,false
CRV00107,CRT009,MOV0173,60,C,손끝으로 읽는 소리의 가능성,촉각 통역의 소재는 귀하지만 관찰의 깊이는 충분하지 않다.,2026-07-09T10:47:00Z,mixed,false
CRV00108,CRT009,MOV0112,95,A+,민원실에 내려온 가장 한국적인 신,행정 언어와 산신 설화를 절묘한 박자로 충돌시킨다.,2026-07-09T10:48:00Z,must_watch,true
CRV00109,CRT009,MOV0093,57,C-,추천 알고리즘을 위한 얕은 장례,기술 비판이 인물의 경험보다 구호에 머문다.,2026-07-09T10:49:00Z,mixed,false
CRV00110,CRT009,MOV0030,60,C,꺼진 신호등 아래 느슨한 수사,도시의 어둠은 선명하지만 단서의 연결은 희미하다.,2026-07-09T10:50:00Z,mixed,false
CRV00111,CRT009,MOV0157,84,B+,가족의 기분을 바꾸는 날씨,구름과 바람의 움직임으로 부모와 아이의 감정을 유려하게 전달한다.,2026-07-09T10:51:00Z,recommended,true
CRV00112,CRT009,MOV0113,73,B-,물고기가 걷는 도시의 고독,기이한 이미지가 서울의 외로움을 포착하지만 중반은 산만하다.,2026-07-09T10:52:00Z,recommended,false
CRV00113,CRT009,MOV0028,64,C,검은 봉투가 지나간 골목,추적의 동선은 치밀해도 권력의 얼굴은 평면적이다.,2026-07-09T10:53:00Z,mixed,false
CRV00114,CRT009,MOV0044,74,B-,겨울 바다에 남은 퇴근의 온도,차분한 정서는 좋으나 인물의 결심이 뒤늦다.,2026-07-09T10:54:00Z,recommended,false
CRV00115,CRT009,MOV0122,76,B,새벽 배송 금지선의 노동 지도,도시 물류와 장르 긴장을 균형 있게 묶는다.,2026-07-09T10:55:00Z,recommended,true
CRV00116,CRT009,MOV0117,72,B-,달팽이 호텔의 느린 환대,작은 세계의 매력은 충분하지만 사건의 속도까지 지나치게 느리다.,2026-07-09T10:56:00Z,recommended,false
CRV00117,CRT009,MOV0064,75,B,복도에서 시작된 생활 정치,세입자의 이해관계를 웃음 속에 구체적으로 드러낸다.,2026-07-09T10:57:00Z,recommended,true
CRV00118,CRT010,MOV0134,71,B-,13번 냉동문의 서늘한 공간감,차가운 미술은 뛰어나지만 인물의 선택은 관습적이다.,2026-07-10T10:58:00Z,recommended,false
CRV00119,CRT010,MOV0187,92,A,산불선 너머의 정확한 현장,진화대의 판단과 실패를 영웅화 없이 압도적으로 담아낸다.,2026-07-10T10:59:00Z,must_watch,true
CRV00120,CRT010,MOV0153,72,B-,남쪽으로 간 북극여우의 경고,기후 위기의 설명은 선명하지만 모험의 리듬은 고르지 않다.,2026-07-10T11:00:00Z,recommended,false
CRV00121,CRT010,MOV0029,87,A-,1602호가 없는 아파트의 균열,공동주택의 평면을 기억과 공포의 미로로 바꾼다.,2026-07-10T11:01:00Z,must_watch,true
CRV00122,CRT010,MOV0018,89,A-,냉장고 문에 보존된 가족사,반찬의 냄새와 계절로 상실을 환기하는 연출이 탁월하다.,2026-07-10T11:02:00Z,must_watch,true
CRV00123,CRT010,MOV0001,93,A,새벽 노동이 그린 골목의 지도,세탁소를 통과한 삶들이 하나의 도시 초상으로 모인다.,2026-07-10T11:03:00Z,must_watch,true
CRV00124,CRT010,MOV0109,62,C,시간 빵의 불균일한 발효,정서적 장면은 좋지만 시간 규칙이 매번 달라진다.,2026-07-10T11:04:00Z,mixed,false
CRV00125,CRT010,MOV0197,74,B-,도심 위 드론의 매끈한 질주,액션의 쾌감은 크지만 승부의 감정은 얕다.,2026-07-10T11:05:00Z,recommended,false
CRV00126,CRT010,MOV0104,86,A-,하늘의 상처를 기우는 하루,장인의 손과 구름의 움직임을 아름다운 노동 판타지로 완성한다.,2026-07-10T11:06:00Z,must_watch,true
CRV00127,CRT010,MOV0076,78,B,고시원 부엌의 야간 공동체,좁은 공간에서 음식으로 이어지는 관계가 구체적이고 따뜻하다.,2026-07-10T11:07:00Z,recommended,true
CRV00128,CRT010,MOV0096,71,B-,화성행 막차의 통근 우화,우주 이동의 일상성은 신선하지만 후반 추격은 익숙하다.,2026-07-10T11:08:00Z,recommended,false
CRV00129,CRT010,MOV0161,86,A-,시장 셔터가 오르기 전의 합창,새벽 노동을 백 가지 소리로 조직한 현장 기록이 빼어나다.,2026-07-10T11:09:00Z,must_watch,true
CRV00130,CRT010,MOV0037,93,A,새벽 네 시에 멈춘 완벽한 밀실,층수와 시간을 단서로 쌓는 장르 설계가 정교하다.,2026-07-10T11:10:00Z,must_watch,true
CRV00131,CRT011,MOV0112,80,B+,산신령의 번호표가 만든 웃음,전통과 행정의 충돌을 안정적인 코미디로 풀어낸다.,2026-07-11T11:11:00Z,recommended,true
CRV00132,CRT011,MOV0030,68,C+,신호등 없는 도시의 불안한 보행,공간은 인상적이나 수사의 마지막 퍼즐이 약하다.,2026-07-11T11:12:00Z,mixed,false
CRV00133,CRT011,MOV0175,88,A-,콜센터의 새벽을 지키는 목소리,감정 노동의 리듬과 침묵을 섬세하게 포착한다.,2026-07-11T11:13:00Z,must_watch,true
CRV00134,CRT011,MOV0145,87,A-,책벌레가 삼킨 도서관의 모험,독서의 욕망을 유머와 생태적 상상력으로 확장한다.,2026-07-11T11:14:00Z,must_watch,true
CRV00135,CRT011,MOV0138,81,B+,새벽 알림이 침범한 기도의 시간,신앙과 스마트폰 의존을 일상 공포로 치환한다.,2026-07-11T11:15:00Z,recommended,true
CRV00136,CRT011,MOV0029,89,A-,없는 호수가 만든 주민의 기억,아파트라는 한국적 공간의 불안을 정확히 파고든다.,2026-07-11T11:16:00Z,must_watch,true
CRV00137,CRT011,MOV0036,98,A+,연체된 사람을 찾아낸 도서관,정보 체계와 인간의 기억을 완벽한 추리로 접속한 작품이다.,2026-07-11T11:17:00Z,must_watch,true
CRV00138,CRT011,MOV0133,68,C+,녹음되지 않은 비명의 빈칸,음향 설계는 예민하지만 인물 행동이 장르 편의에 끌린다.,2026-07-11T11:18:00Z,mixed,false
CRV00139,CRT011,MOV0084,96,A+,감정을 빌려주는 24시간의 윤리,상품화된 감정과 외로운 도시인을 풍부한 에피소드로 탐구한다.,2026-07-11T11:19:00Z,must_watch,true
CRV00140,CRT011,MOV0179,86,A-,도시의 숨구멍을 기록한 사람들,녹지와 환기구의 정치성을 인간의 호흡과 연결한다.,2026-07-11T11:20:00Z,must_watch,true
CRV00141,CRT011,MOV0162,66,C+,사라진 간판을 읽는 도시 산책,기록의 가치는 크지만 변화의 구조를 충분히 설명하지 못한다.,2026-07-11T11:21:00Z,mixed,false
CRV00142,CRT011,MOV0102,82,B+,도깨비 세탁조의 생활 마법,근심과 얼룩을 함께 빠는 세계가 웃음과 위로를 준다.,2026-07-11T11:22:00Z,recommended,true
CRV00143,CRT011,MOV0001,98,A+,한국 도시 생활극의 새벽 지도,한 벌의 옷마다 계급과 관계를 새긴 세심함이 경이롭다.,2026-07-11T11:23:00Z,must_watch,true
CRV00144,CRT012,MOV0076,66,C+,야식으로 버티는 고시원의 밤,생활 디테일은 풍부하지만 인물의 화해가 너무 고르다.,2026-07-12T11:24:00Z,mixed,false
CRV00145,CRT012,MOV0106,65,C+,바람이 맡긴 분실물의 목록,세계관은 매력적이나 물건과 주인의 서사가 성기다.,2026-07-12T11:25:00Z,mixed,false
CRV00146,CRT012,MOV0021,66,C+,열세 번째 택배함의 불안,공동주택의 익명성은 살렸지만 범인의 동기는 단순하다.,2026-07-12T11:26:00Z,mixed,false
CRV00147,CRT012,MOV0183,50,D,해동검 전설에 갇힌 마지막 사수,검술 액션보다 설정 해설이 길어 인물이 사라진다.,2026-07-12T11:27:00Z,skip,false
CRV00148,CRT012,MOV0092,89,A-,중력이 사라진 오후의 가족,재난의 물리 법칙과 정서적 균형을 놀랍게 일치시킨다.,2026-07-12T11:28:00Z,must_watch,true
CRV00149,CRT012,MOV0063,77,B,엄마의 비밀 계정과 딸의 시선,디지털 흔적 속 세대의 오해를 따뜻하게 풀어낸다.,2026-07-12T11:29:00Z,recommended,true
CRV00150,CRT012,MOV0155,74,B-,눈사람이 빌린 짧은 봄,소멸의 정서는 아름답지만 여정의 사건은 단순하다.,2026-07-12T11:30:00Z,recommended,false
CRV00151,CRT012,MOV0100,70,B-,오류 코드로 묶인 새로운 가족,디지털 은유는 재치 있지만 화해의 과정이 빠르다.,2026-07-12T11:31:00Z,recommended,false
CRV00152,CRT012,MOV0028,69,C+,검은 봉투의 정교한 경로와 단순한 욕망,형식과 인물의 밀도가 어긋난다.,2026-07-12T11:32:00Z,mixed,false
CRV00153,CRT012,MOV0172,58,C-,책이 도착해도 비어 있는 섬,독서 공동체의 가능성을 인물 소개에 그친다.,2026-07-12T11:33:00Z,mixed,false
CRV00154,CRT012,MOV0123,81,B+,거울 속 웃음의 시간차,반사와 표정의 미세한 오차가 효과적인 공포를 만든다.,2026-07-12T11:34:00Z,recommended,true
CRV00155,CRT012,MOV0098,90,A,열일곱 살이 된 인공지능,학습 오류와 사춘기를 겹친 가족 SF의 정서가 탁월하다.,2026-07-12T11:35:00Z,must_watch,true
CRV00156,CRT012,MOV0002,66,C+,을지로 기술자가 고친 별의 회로,골목의 질감은 매력적이나 판타지 규칙은 느슨하다.,2026-07-12T11:36:00Z,mixed,false
CRV00157,CRT013,MOV0008,81,B+,분실물센터가 보관한 달빛,도시의 잃어버린 마음을 밤의 환상으로 다정하게 돌려준다.,2026-07-13T11:37:00Z,recommended,true
CRV00158,CRT013,MOV0112,95,A+,산신령 민원 처리의 완벽한 박자,말장난과 행정 디테일이 설화적 상상력과 정확히 맞물린다.,2026-07-13T11:38:00Z,must_watch,true
CRV00159,CRT013,MOV0056,60,C,파도 시간을 묻는 느린 로맨스,바다의 리듬은 좋지만 관계의 변화가 충분하지 않다.,2026-07-13T11:39:00Z,mixed,false
CRV00160,CRT013,MOV0130,68,C+,마지막 관객이 남은 폐관 극장,공포와 향수의 결합은 좋지만 해답은 익숙하다.,2026-07-13T11:40:00Z,mixed,false
CRV00161,CRT013,MOV0116,82,B+,새벽 골목에서 주운 별 조각,환경미화원의 노동을 시적인 환상으로 존중한다.,2026-07-13T11:41:00Z,recommended,true
CRV00162,CRT013,MOV0167,84,B+,야간 교실에 남은 서로 다른 기억,교육 제도의 시간을 다층적인 증언으로 재구성한다.,2026-07-13T11:42:00Z,recommended,true
CRV00163,CRT013,MOV0129,88,A-,반지하 방에 밀려오는 파도,주거 불안을 소리와 수면의 이미지로 강렬하게 표현한다.,2026-07-13T11:43:00Z,must_watch,true
CRV00164,CRT013,MOV0053,84,B+,바람을 찍지 못한 사진가의 시선,보이지 않는 감정을 프레임 바깥의 움직임으로 포착한다.,2026-07-13T11:44:00Z,recommended,true
CRV00165,CRT013,MOV0037,92,A,엘리베이터 층수로 쌓은 새벽의 공포,밀폐 공간의 규칙과 단서를 흠잡기 어렵게 배치한다.,2026-07-13T11:45:00Z,must_watch,true
CRV00166,CRT013,MOV0142,76,B,구름이의 첫 배달과 작은 용기,아동의 실패와 회복을 사랑스러운 비행으로 그린다.,2026-07-13T11:46:00Z,recommended,true
CRV00167,CRT013,MOV0063,77,B,로그인 기록으로 마주한 엄마의 삶,가족 코미디의 웃음 뒤에 사생활의 경계를 묻는다.,2026-07-13T11:47:00Z,recommended,true
CRV00168,CRT013,MOV0092,82,B+,공중에 뜬 도시의 단단한 감정,무중력 시각 효과가 인물의 불안과 정확히 연결된다.,2026-07-13T11:48:00Z,recommended,true
CRV00169,CRT013,MOV0082,55,C-,기억 세탁소의 얼룩진 규칙,흥미로운 설정이 편의적인 기억 거래로 흔들린다.,2026-07-13T11:49:00Z,mixed,false
CRV00170,CRT014,MOV0005,84,B+,파란 우산이 이어 준 골목의 사람들,대여 장부를 통해 낯선 이웃의 관계를 섬세하게 엮는다.,2026-07-14T11:50:00Z,recommended,true
CRV00171,CRT014,MOV0029,97,A+,1602호의 부재로 완성한 공간 스릴러,아파트 구조와 집단 기억을 빈틈없이 결합한다.,2026-07-14T11:51:00Z,must_watch,true
CRV00172,CRT014,MOV0106,60,C,바람 창고에 쌓인 미완성 사연,사물의 매력에 비해 주인의 감정이 얕다.,2026-07-14T11:52:00Z,mixed,false
CRV00173,CRT014,MOV0073,91,A,결재선에서 사라진 대리님,업무 시스템을 추리 장치로 바꾼 한국형 오피스 미스터리의 성취다.,2026-07-14T11:53:00Z,must_watch,true
CRV00174,CRT014,MOV0074,76,B,식물이 평가한 인간의 생존력,채용 문화의 부조리를 짧고 정확한 농담으로 비튼다.,2026-07-14T11:54:00Z,recommended,true
CRV00175,CRT014,MOV0108,72,B-,종이배가 되찾은 집의 기억,따뜻한 환상은 좋지만 가족 갈등의 봉합이 쉽다.,2026-07-14T11:55:00Z,recommended,false
CRV00176,CRT014,MOV0042,57,C-,7.5센티미터에 갇힌 관계,거리의 은유를 반복 설명하며 감정의 생동감을 잃는다.,2026-07-14T11:56:00Z,mixed,false
CRV00177,CRT014,MOV0064,56,C-,세입자 선거의 소란스러운 개표,생활 정치보다 인물의 고성에 기대는 장면이 많다.,2026-07-14T11:57:00Z,mixed,false
CRV00178,CRT014,MOV0024,79,B,창문 없는 편의점의 야간 시선,밀폐된 매장과 감시 카메라를 영리한 스릴러 공간으로 쓴다.,2026-07-14T11:58:00Z,recommended,true
CRV00179,CRT014,MOV0137,84,B+,울리지 않는 초인종의 일상 공포,복도 소음과 기다림만으로 불안을 정교하게 증폭한다.,2026-07-14T11:59:00Z,recommended,true
CRV00180,CRT014,MOV0027,78,B,파도 아래 남은 마지막 녹음,수중 음향과 기억의 단서를 밀도 있게 겹친다.,2026-07-14T12:00:00Z,recommended,true
CRV00181,CRT014,MOV0018,78,B,냉장고 속 반찬이 기억한 계절,가족의 공백을 음식의 질감으로 차분히 채운다.,2026-07-14T12:01:00Z,recommended,true
CRV00182,CRT014,MOV0179,81,B+,콘크리트 사이 도시의 숨구멍,녹지와 노동의 문제를 구체적인 장소의 역사로 보여 준다.,2026-07-14T12:02:00Z,recommended,true
CRV00183,CRT015,MOV0142,80,B+,첫 배달을 마친 구름이의 성장,실패의 감정을 아동의 눈높이에 맞는 비행으로 풀어낸다.,2026-07-15T12:03:00Z,recommended,true
CRV00184,CRT015,MOV0010,95,A+,비 오는 날 수선된 것은 옷만이 아니다,바느질과 손님의 삶을 완벽한 생활 드라마로 엮는다.,2026-07-15T12:04:00Z,must_watch,true
CRV00185,CRT015,MOV0043,71,B-,비행운에 접어 둔 미완의 고백,하늘 이미지는 아름답지만 관계의 결말은 관습적이다.,2026-07-15T12:05:00Z,recommended,false
CRV00186,CRT015,MOV0155,73,B-,봄을 향한 눈사람의 짧은 용기,소멸의 메시지는 좋지만 사건의 반복이 있다.,2026-07-15T12:06:00Z,recommended,false
CRV00187,CRT015,MOV0045,61,C,라디오 종료 뒤 길어진 사연,복고 정서는 풍부하지만 관계의 진전이 더디다.,2026-07-15T12:07:00Z,mixed,false
CRV00188,CRT015,MOV0138,82,B+,기도 알림이 깨운 새벽의 불안,디지털 일상과 종교적 죄책감을 예민하게 연결한다.,2026-07-15T12:08:00Z,recommended,true
CRV00189,CRT015,MOV0080,89,A-,파업 로봇이 제시한 가족 협약,가사노동의 불균형을 웃음과 명료한 통찰로 드러낸다.,2026-07-15T12:09:00Z,must_watch,true
CRV00190,CRT015,MOV0066,70,B-,임시 반장의 골목 민주주의,주민 소동은 친근하지만 결말의 합의가 지나치게 매끈하다.,2026-07-15T12:10:00Z,recommended,false
CRV00191,CRT015,MOV0070,76,B,초보 사회자가 구한 결혼식,실수의 연쇄를 인물의 성장과 연결하는 코미디 리듬이 좋다.,2026-07-15T12:11:00Z,recommended,true
CRV00192,CRT015,MOV0065,53,D,사과 하나로 버틴 메뉴판,단일 농담을 반복하며 인물과 상황 모두를 소모한다.,2026-07-15T12:12:00Z,skip,false
CRV00193,CRT015,MOV0160,71,B-,투명 공룡이 지킨 아이의 방학,상상 친구의 정서는 좋지만 모험의 구조는 평범하다.,2026-07-15T12:13:00Z,recommended,false
CRV00194,CRT015,MOV0076,87,A-,고시원 주방이 차린 이주의 식탁,한 그릇의 음식으로 좁은 방들의 삶을 풍성하게 잇는다.,2026-07-15T12:14:00Z,must_watch,true
CRV00195,CRT015,MOV0074,70,B-,반려식물 면접의 유효한 농담,짧은 아이디어의 확장에는 한계가 있지만 캐릭터는 사랑스럽다.,2026-07-15T12:15:00Z,recommended,false
CRV00196,CRT016,MOV0038,92,A,봉인된 신고서의 완벽한 해제,경찰서의 절차와 야간 공간을 촘촘한 추리로 조직한다.,2026-07-16T12:16:00Z,must_watch,true
CRV00197,CRT016,MOV0187,92,A,불길의 경계를 넘는 현장 윤리,산불 진화의 선택을 스펙터클과 책임의 문제로 함께 다룬다.,2026-07-16T12:17:00Z,must_watch,true
CRV00198,CRT016,MOV0070,69,C+,결혼식 사회자의 불안한 마이크,소동의 박자는 좋지만 인물의 변화가 예상 가능하다.,2026-07-16T12:18:00Z,mixed,false
CRV00199,CRT016,MOV0100,72,B-,가족을 복구하는 오류 코드,기술 은유는 친근하지만 갈등을 지나치게 간단히 해결한다.,2026-07-16T12:19:00Z,recommended,false
CRV00200,CRT016,MOV0057,80,B+,빈자리 이후의 생활 기술,상실의 빈칸을 일상의 작은 행동으로 채우는 성숙한 드라마다.,2026-07-16T12:20:00Z,recommended,true
CRV00201,CRT016,MOV0115,58,C-,꿈길 안내소의 흐린 표지판,잠을 행정화한 발상에 비해 인물의 여정은 단순하다.,2026-07-16T12:21:00Z,mixed,false
CRV00202,CRT016,MOV0044,88,A-,겨울 바다와 퇴근 후의 진심,차가운 화면 안에서 감정의 온도를 섬세하게 높인다.,2026-07-16T12:22:00Z,must_watch,true
CRV00203,CRT016,MOV0106,58,C-,분실된 바람보다 잃어버린 서사,보관소의 물건들이 하나의 감정선으로 모이지 않는다.,2026-07-16T12:23:00Z,mixed,false
CRV00204,CRT016,MOV0073,82,B+,사내 시스템에 남은 실종의 흔적,업무 언어를 기민한 추리로 전환한다.,2026-07-16T12:24:00Z,recommended,true
CRV00205,CRT016,MOV0175,73,B-,새벽 상담의 조심스러운 기록,노동의 무게는 진실하지만 일부 사연은 계산적으로 배치된다.,2026-07-16T12:25:00Z,recommended,false
CRV00206,CRT016,MOV0130,74,B-,폐관 극장에 남은 마지막 숨,공포와 애도의 결합은 좋지만 정체의 공개가 평범하다.,2026-07-16T12:26:00Z,recommended,false
CRV00207,CRT016,MOV0168,75,B,폐어망에 걸린 바다의 증언,환경 문제를 현장의 구체적인 손과 노동으로 보여 준다.,2026-07-16T12:27:00Z,recommended,true
CRV00208,CRT016,MOV0118,67,C+,목소리를 모으다 놓친 침묵,소리의 미학은 좋지만 가족 서사의 봉합이 급하다.,2026-07-16T12:28:00Z,mixed,false
CRV00209,CRT017,MOV0083,88,A-,물이 사라진 한강의 새로운 지형,익숙한 서울을 재난 이후의 낯선 공간으로 완성한다.,2026-07-17T12:29:00Z,must_watch,true
CRV00210,CRT017,MOV0180,80,B+,내일도 문을 여는 사람들의 약속,폐업과 생존의 경계에 선 자영업자의 존엄을 차분히 기록한다.,2026-07-17T12:30:00Z,recommended,true
CRV00211,CRT017,MOV0125,82,B+,출석부가 부른 빈 교실의 이름,학원 공포의 익숙한 틀 안에서도 정서적 설득력을 확보한다.,2026-07-17T12:31:00Z,recommended,true
CRV00212,CRT017,MOV0030,53,D,신호등과 함께 사라진 논리,밤의 분위기를 편리한 우연들이 무너뜨린다.,2026-07-17T12:32:00Z,skip,false
CRV00213,CRT017,MOV0108,71,B-,종이배가 찾은 집의 얕은 물길,환상은 따뜻하지만 갈등의 해법이 지나치게 쉽다.,2026-07-17T12:33:00Z,recommended,false
CRV00214,CRT017,MOV0134,65,C+,냉동창고 13번 문의 반복 냉기,공간의 압박은 좋지만 인물의 행동이 장르 관습에 갇힌다.,2026-07-17T12:34:00Z,mixed,false
CRV00215,CRT017,MOV0042,73,B-,7.5센티미터의 정교한 거리,물리적 간격을 감정의 주저함으로 번역한 장면들이 유효하다.,2026-07-17T12:35:00Z,recommended,false
CRV00216,CRT017,MOV0127,79,B,밤마다 줄어드는 산책로의 지도,공간의 변형을 불안의 리듬으로 설계한 공포다.,2026-07-17T12:36:00Z,recommended,true
CRV00217,CRT017,MOV0017,73,B-,정류장 의자가 기억한 사람들,동네의 사계절을 한 사물의 시선으로 담백하게 엮는다.,2026-07-17T12:37:00Z,recommended,false
CRV00218,CRT017,MOV0113,60,C,걷는 물고기의 산만한 야행,강렬한 이미지들이 하나의 이야기로 충분히 수렴하지 않는다.,2026-07-17T12:38:00Z,mixed,false
CRV00219,CRT017,MOV0190,69,C+,눈보라를 뚫는 구조의 공식,현장 묘사는 좋지만 인물 관계는 익숙하다.,2026-07-17T12:39:00Z,mixed,false
CRV00220,CRT017,MOV0079,93,A,동네방송이 만든 가장 정확한 속보,지역 공동체의 웃음과 위기를 탁월한 리듬으로 묶는다.,2026-07-17T12:40:00Z,must_watch,true
CRV00221,CRT017,MOV0049,73,B-,말 사이에 머문 봄밤,번역의 지연을 감정의 시간으로 바꾼 섬세함이 좋다.,2026-07-17T12:41:00Z,recommended,false
CRV00222,CRT018,MOV0084,83,B+,감정 대여 약관의 도시 윤리,상품과 진심 사이를 오가는 손님들의 사연이 풍부하다.,2026-07-18T12:42:00Z,recommended,true
CRV00223,CRT018,MOV0009,81,B+,유리창을 건넌 목소리의 거리,보이지 않는 관계를 소리만으로 설득력 있게 쌓는다.,2026-07-18T12:43:00Z,recommended,true
CRV00224,CRT018,MOV0037,94,A,층수와 시간으로 잠근 새벽의 밀실,장르적 규칙을 끝까지 정확하게 지킨다.,2026-07-18T12:44:00Z,must_watch,true
CRV00225,CRT018,MOV0097,95,A+,전파가 끊겨 비로소 연결된 아파트,재난과 공동체의 작동을 가장 현실적인 SF로 그린다.,2026-07-18T12:45:00Z,must_watch,true
CRV00226,CRT018,MOV0049,80,B+,번역되지 않은 표정의 봄밤,언어보다 침묵이 많은 것을 전달하는 로맨스다.,2026-07-18T12:46:00Z,recommended,true
CRV00227,CRT018,MOV0036,82,B+,반납 기한 뒤에 남은 사람,도서관 기록과 인간의 죄책감을 영리하게 연결한다.,2026-07-18T12:47:00Z,recommended,true
CRV00228,CRT018,MOV0117,74,B-,달팽이 호텔의 느린 체크인,세계의 촉감은 좋지만 이야기의 추진력도 지나치게 낮다.,2026-07-18T12:48:00Z,recommended,false
CRV00229,CRT018,MOV0039,53,D,마지막 표를 끊지 못한 검표원,죄책감의 독백이 사건과 인물을 모두 정체시킨다.,2026-07-18T12:49:00Z,skip,false
CRV00230,CRT018,MOV0121,61,C,0호실을 향한 반복 보행,복도의 변주가 충분하지 않아 공포의 밀도가 떨어진다.,2026-07-18T12:50:00Z,mixed,false
CRV00231,CRT018,MOV0143,61,C,종이컵 우주의 얇은 대기,재료의 상상력에 비해 인물과 사건이 가볍다.,2026-07-18T12:51:00Z,mixed,false
CRV00232,CRT018,MOV0155,77,B,눈사람이 만난 봄의 유효기간,소멸과 성장의 감정을 어린 관객에게 정직하게 건넨다.,2026-07-18T12:52:00Z,recommended,true
CRV00233,CRT018,MOV0107,71,B-,밤을 파는 편의점의 진열대,도시 판타지의 분위기는 좋지만 손님 사연의 편차가 크다.,2026-07-18T12:53:00Z,recommended,false
CRV00234,CRT018,MOV0181,79,B,철의 강을 건너는 산업의 몸,육중한 액션과 노동의 질감을 힘 있게 담는다.,2026-07-18T12:54:00Z,recommended,true
CRV00235,CRT019,MOV0093,70,B-,알고리즘을 떠나보내는 장례 절차,기술 풍자의 방향은 명료하지만 인물의 체온은 낮다.,2026-07-19T12:55:00Z,recommended,false
CRV00236,CRT019,MOV0021,62,C,열세 번째 택배함의 예측 가능한 주인,공동주택의 불안에 비해 반전이 작다.,2026-07-19T12:56:00Z,mixed,false
CRV00237,CRT019,MOV0194,90,A,항공로 27을 지킨 한 번의 판단,교신과 계기만으로 웅장한 항공 액션을 만든다.,2026-07-19T12:57:00Z,must_watch,true
CRV00238,CRT019,MOV0084,78,B,24시간 감정 대여의 가격,도시인의 외로움을 재치 있는 상품 목록으로 보여 준다.,2026-07-19T12:58:00Z,recommended,true
CRV00239,CRT019,MOV0126,54,D,흰 운동화에 과적된 눈물,장례의 복잡한 감정을 계산된 반전으로 축소한다.,2026-07-19T12:59:00Z,skip,false
CRV00240,CRT019,MOV0068,84,B+,아버지의 늦은 데뷔가 남긴 박수,세대와 꿈을 경쾌한 아이돌 훈련기로 풀어낸다.,2026-07-19T13:00:00Z,recommended,true
CRV00241,CRT019,MOV0095,71,B-,계속 갱신되는 얼굴의 불안,기술적 공포는 선명하지만 가족 서사의 해결은 쉽다.,2026-07-19T13:01:00Z,recommended,false
CRV00242,CRT019,MOV0165,62,C,수선되지 못한 도시 기록,좋은 사례들이 구조적 질문 없이 병렬된다.,2026-07-19T13:02:00Z,mixed,false
CRV00243,CRT019,MOV0027,75,B,파도 아래 건진 17번 트랙,소리의 단서를 해양 공간과 효과적으로 결합한다.,2026-07-19T13:03:00Z,recommended,true
CRV00244,CRT019,MOV0064,72,B-,세입자 선거가 비춘 골목의 이해관계,생활 정치의 디테일은 좋지만 소동이 길다.,2026-07-19T13:04:00Z,recommended,false
CRV00245,CRT019,MOV0018,69,C+,오래된 냉장고의 정직한 온기,음식의 기억은 좋으나 몇몇 사연이 익숙한 눈물에 기대고 있다.,2026-07-19T13:05:00Z,mixed,false
CRV00246,CRT019,MOV0148,83,B+,지하철을 헤엄치는 도시의 고래,회색 통근 공간을 위로의 바다로 바꾼다.,2026-07-19T13:06:00Z,recommended,true
CRV00247,CRT019,MOV0152,69,C+,짝을 잃은 양말의 다정한 여행,캐릭터는 사랑스럽지만 모험의 패턴이 단순하다.,2026-07-19T13:07:00Z,mixed,false
CRV00248,CRT020,MOV0084,93,A,감정을 사고파는 서울의 심야,각 에피소드가 도시인의 고독을 다르게 굴절하는 수작이다.,2026-07-20T13:08:00Z,must_watch,true
CRV00249,CRT020,MOV0165,66,C+,도시의 상처를 꿰매는 사람들,의미 있는 기록이지만 편집의 연결이 다소 평면적이다.,2026-07-20T13:09:00Z,mixed,false
CRV00250,CRT020,MOV0011,69,C+,옥상에 심은 겨울의 작은 초록,도시 농업의 정서는 좋지만 갈등의 해결이 무난하다.,2026-07-20T13:10:00Z,mixed,false
CRV00251,CRT020,MOV0052,74,B-,2007년 선곡표에 남은 청춘,복고의 감각은 정확하지만 서사는 익숙하다.,2026-07-20T13:11:00Z,recommended,false
CRV00252,CRT020,MOV0116,82,B+,새벽 청소차 뒤에 남은 별빛,노동의 고단함과 환상을 과장 없이 잇는다.,2026-07-20T13:12:00Z,recommended,true
CRV00253,CRT020,MOV0142,65,C+,첫 배달의 느린 비행,구름 캐릭터는 매력적이나 교훈이 다소 직접적이다.,2026-07-20T13:13:00Z,mixed,false
CRV00254,CRT020,MOV0041,71,B-,네 시의 첫사랑이 지키는 익숙한 약속,정서는 고우나 장르의 안전한 길을 따른다.,2026-07-20T13:14:00Z,recommended,false
CRV00255,CRT020,MOV0030,61,C,사라진 신호등이 남긴 어둠,시각적 발상에 비해 미스터리의 밀도는 낮다.,2026-07-20T13:15:00Z,mixed,false
CRV00256,CRT020,MOV0016,61,C,사진관의 마지막 손님과 오래된 공식,공간의 질감은 좋지만 가족사진의 비밀이 뻔하다.,2026-07-20T13:16:00Z,mixed,false
CRV00257,CRT020,MOV0143,59,C-,종이컵 행성의 짧은 탐사,친환경 메시지가 인물의 모험보다 앞선다.,2026-07-20T13:17:00Z,mixed,false
CRV00258,CRT020,MOV0187,93,A,산불선 위에서 내린 정확한 선택,재난 액션과 현장 윤리를 높은 밀도로 완성한다.,2026-07-20T13:18:00Z,must_watch,true
CRV00259,CRT020,MOV0190,63,C,백두대간 구조 공식의 반복,전문 장비와 풍경은 좋지만 인물이 얕다.,2026-07-20T13:19:00Z,mixed,false
CRV00260,CRT020,MOV0103,71,B-,도시 철도 위의 초록 판타지,이동의 상상력은 좋으나 결말은 순하다.,2026-07-20T13:20:00Z,recommended,false
CRV00261,CRT021,MOV0002,81,B+,을지로 공구함에서 고친 별,기술 장인의 손과 도시 판타지가 아름답게 맞물린다.,2026-07-21T13:21:00Z,recommended,true
CRV00262,CRT021,MOV0113,63,C,걷는 물고기의 과도한 야경,인상적인 이미지가 서사의 중심을 만들지는 못한다.,2026-07-21T13:22:00Z,mixed,false
CRV00263,CRT021,MOV0099,78,B,별빛 우체국의 마지막 영업일,사라지는 서비스와 관계의 기억을 따뜻하게 담는다.,2026-07-21T13:23:00Z,recommended,true
CRV00264,CRT021,MOV0077,75,B,정시 퇴근을 위한 팀의 협상,한국 직장 문화의 모순을 유쾌하고 구체적으로 짚는다.,2026-07-21T13:24:00Z,recommended,true
CRV00265,CRT021,MOV0168,60,C,파도와 폐어망의 평면적 연결,환경 의제는 중요하지만 영화적 질문이 부족하다.,2026-07-21T13:25:00Z,mixed,false
CRV00266,CRT021,MOV0110,56,C-,여우비 우체국의 비슷한 편지들,아름다운 세계가 반복되는 사연에 갇힌다.,2026-07-21T13:26:00Z,mixed,false
CRV00267,CRT021,MOV0073,74,B-,사라진 대리님을 찾는 결재선,오피스 추리는 재치 있지만 범인의 동기가 약하다.,2026-07-21T13:27:00Z,recommended,false
CRV00268,CRT021,MOV0112,83,B+,산신령이 제출한 민원 서류,전통 설화와 공공 행정을 능숙하게 섞는다.,2026-07-21T13:28:00Z,recommended,true
CRV00269,CRT021,MOV0158,78,B,로봇 강아지가 배운 꼬리의 언어,기계의 성장과 아이의 우정을 따뜻하게 그린다.,2026-07-21T13:29:00Z,recommended,true
CRV00270,CRT021,MOV0016,65,C+,마지막 사진에 남은 익숙한 비밀,필름의 촉감은 좋지만 반전은 안전하다.,2026-07-21T13:30:00Z,mixed,false
CRV00271,CRT021,MOV0022,76,B,지하 4층에 내리는 비의 규칙,건물 내부의 기후를 기묘한 미스터리로 설계한다.,2026-07-21T13:31:00Z,recommended,true
CRV00272,CRT021,MOV0076,72,B-,고시원 부엌의 느린 저녁,음식과 이웃의 온기는 좋으나 갈등의 결말이 쉽다.,2026-07-21T13:32:00Z,recommended,false
CRV00273,CRT022,MOV0111,73,B-,그림자에게 이름을 주는 책임,호명의 윤리를 판타지로 묻지만 세계 규칙은 다소 흐리다.,2026-07-22T13:33:00Z,recommended,false
CRV00274,CRT022,MOV0196,91,A,왕국의 경계를 다시 그린 손,지도와 권력의 관계를 장대한 사극 액션으로 완성한다.,2026-07-22T13:34:00Z,must_watch,true
CRV00275,CRT022,MOV0131,84,B+,현관문 밖에 반복되는 어제,가장 익숙한 집의 경계를 시간 공포로 바꾸는 솜씨가 좋다.,2026-07-22T13:35:00Z,recommended,true
CRV00276,CRT022,MOV0050,58,C-,여섯 시 온실의 멈춘 감정,미장센은 좋지만 기다림의 의미가 충분히 쌓이지 않는다.,2026-07-22T13:36:00Z,mixed,false
CRV00277,CRT022,MOV0081,68,C+,서울 위 두 번째 달의 그림자,도시 SF의 이미지는 강렬하지만 인물의 삶은 얕다.,2026-07-22T13:37:00Z,mixed,false
CRV00278,CRT022,MOV0015,86,A-,겨울 귤이 익는 가족의 시간,제주의 계절과 세대의 화해를 절제된 온도로 담는다.,2026-07-22T13:38:00Z,must_watch,true
CRV00279,CRT022,MOV0023,76,B,17초 음성에 숨은 긴 밤,잡음 복원 과정을 실제적인 장르 쾌감으로 만든다.,2026-07-22T13:39:00Z,recommended,true
CRV00280,CRT022,MOV0079,88,A-,긴급편성으로 되살아난 동네,주민 방송의 아마추어성을 가장 큰 매력으로 활용한다.,2026-07-22T13:40:00Z,must_watch,true
CRV00281,CRT022,MOV0047,56,C-,한강에 머문 보내지 못한 말,장소의 정서가 전형적인 오해를 구하지 못한다.,2026-07-22T13:41:00Z,mixed,false
CRV00282,CRT022,MOV0200,82,B+,방패연이 가른 전장의 바람,한국 전통 기술을 역동적인 액션 문법으로 변환한다.,2026-07-22T13:42:00Z,recommended,true
CRV00283,CRT022,MOV0106,48,D,바람 보관소의 빈 목록,세계 설명이 인물과 사건을 완전히 밀어낸다.,2026-07-22T13:43:00Z,skip,false
CRV00284,CRT022,MOV0138,88,A-,기도 알림이 울린 가장 사적인 새벽,디지털 침입과 죄책감을 정교한 생활 공포로 빚는다.,2026-07-22T13:44:00Z,must_watch,true
CRV00285,CRT023,MOV0061,74,B-,부장님의 잠입이 비춘 회사의 민낯,가볍게 웃기지만 조직 문제의 해결은 낙관적이다.,2026-07-23T13:45:00Z,recommended,false
CRV00286,CRT023,MOV0174,82,B+,백 년 씨앗을 지키는 손들의 계보,보존 노동과 기후의 시간을 감동적으로 기록한다.,2026-07-23T13:46:00Z,recommended,true
CRV00287,CRT023,MOV0171,63,C,교대 사이의 피로를 기록하다,현장성은 높지만 재연과 인터뷰의 균형이 고르지 않다.,2026-07-23T13:47:00Z,mixed,false
CRV00288,CRT023,MOV0047,70,B-,한강에 띄우지 못한 고백,정서적 풍경은 풍부하지만 인물의 선택은 익숙하다.,2026-07-23T13:48:00Z,recommended,false
CRV00289,CRT023,MOV0055,72,B-,첫눈을 기다리는 두 사람의 시간표,계절의 감성은 좋지만 공식적인 로맨스다.,2026-07-23T13:49:00Z,recommended,false
CRV00290,CRT023,MOV0194,78,B,27번 항로 위 정확한 목소리,관제 교신을 중심으로 한 긴장이 안정적이다.,2026-07-23T13:50:00Z,recommended,true
CRV00291,CRT023,MOV0177,52,D,열두 사람에게 너무 작은 무대,인물의 수가 관찰의 깊이를 압도한다.,2026-07-23T13:51:00Z,skip,false
CRV00292,CRT023,MOV0139,54,D,종이문 뒤의 낡은 귀신,미술의 섬세함과 서사의 진부함이 크게 엇갈린다.,2026-07-23T13:52:00Z,skip,false
CRV00293,CRT023,MOV0083,80,B+,0미터 한강이 드러낸 서울의 뼈대,재난이 도시 구조와 계급을 선명하게 노출한다.,2026-07-23T13:53:00Z,recommended,true
CRV00294,CRT023,MOV0187,92,A,산불선 너머에도 남는 책임,현장 액션과 공동체의 윤리를 흔들림 없이 밀고 간다.,2026-07-23T13:54:00Z,must_watch,true
CRV00295,CRT023,MOV0077,73,B-,정시 퇴근을 위한 작은 연대,공감은 크지만 결말이 다소 이상적으로 봉합된다.,2026-07-23T13:55:00Z,recommended,false
CRV00296,CRT023,MOV0057,65,C+,빈자리 앞에서 오래 멈춘 카메라,절제는 좋지만 후반의 감정 반복이 길다.,2026-07-23T13:56:00Z,mixed,false
CRV00297,CRT024,MOV0129,85,A-,반지하에 들이친 보이지 않는 파도,주거 불안을 소리로 물질화한 연출이 강렬하다.,2026-07-24T13:57:00Z,must_watch,true
CRV00298,CRT024,MOV0067,78,B,퇴근 후 장부로 푸는 동네 사건,생활 밀착 단서를 쓰는 추리가 경쾌하다.,2026-07-24T13:58:00Z,recommended,true
CRV00299,CRT024,MOV0158,84,B+,진짜 꼬리를 배운 로봇의 마음,기계의 몸짓을 감정의 성장으로 설득력 있게 바꾼다.,2026-07-24T13:59:00Z,recommended,true
CRV00300,CRT024,MOV0109,71,B-,시간 빵의 따뜻한 향과 흐린 규칙,정서는 좋지만 세계의 논리는 약하다.,2026-07-24T14:00:00Z,recommended,false
CRV00301,CRT024,MOV0014,73,B-,보증금 대신 나눈 생활의 규칙,청년 주거의 현실을 따뜻한 연대로 풀지만 집주인 갈등은 쉽게 닫힌다.,2026-07-24T14:01:00Z,recommended,false
CRV00302,CRT024,MOV0051,62,C,월세와 고백이 겉도는 방,주거 문제와 로맨스가 서로의 무게를 덜어내지 못한다.,2026-07-24T14:02:00Z,mixed,false
CRV00303,CRT024,MOV0178,66,C+,고향의 말 사이에 남은 침묵,번역 노동의 고민은 좋지만 결론이 메시지에 치우친다.,2026-07-24T14:03:00Z,mixed,false
CRV00304,CRT024,MOV0190,68,C+,백두대간의 정확한 장비와 익숙한 사람,현장 고증은 탄탄하나 인물의 갈등은 공식적이다.,2026-07-24T14:04:00Z,mixed,false
CRV00305,CRT024,MOV0066,52,D,임시 반장이 만든 영구 소란,생활 코미디가 반복된 고성과 민원에 갇힌다.,2026-07-24T14:05:00Z,skip,false
CRV00306,CRT024,MOV0068,64,C,아버지의 늦은 무대와 빠른 화해,도전의 정서는 좋지만 성장 과정이 압축된다.,2026-07-24T14:06:00Z,mixed,false
CRV00307,CRT024,MOV0118,87,A-,사라지는 목소리를 보관하는 법,소리와 기억의 관계를 독창적인 영상 언어로 구현한다.,2026-07-24T14:07:00Z,must_watch,true
CRV00308,CRT024,MOV0071,68,C+,문 앞에 놓인 웃음의 노동,택배기사의 현실은 좋지만 이웃의 변화가 낙관적이다.,2026-07-24T14:08:00Z,mixed,false
CRV00309,CRT025,MOV0110,56,C-,여우비 우체국에 쌓인 같은 편지,판타지의 아름다움이 반복 서사에 눌린다.,2026-07-25T14:09:00Z,mixed,false
CRV00310,CRT025,MOV0147,72,B-,별똥별 정비사의 야간 교대,우주 장인 세계는 매력적이나 사건의 결말은 무난하다.,2026-07-25T14:10:00Z,recommended,false
CRV00311,CRT025,MOV0111,60,C,그림자의 이름과 흔들리는 규칙,존재론적 질문에 비해 세계의 논리가 약하다.,2026-07-25T14:11:00Z,mixed,false
CRV00312,CRT025,MOV0034,67,C+,벽을 통과하는 타자음의 불안,음향은 좋지만 비밀의 정체가 관습적이다.,2026-07-25T14:12:00Z,mixed,false
CRV00313,CRT025,MOV0133,75,B,녹음되지 않은 비명의 자리,소리의 부재를 공포로 바꾸는 장면들이 인상적이다.,2026-07-25T14:13:00Z,recommended,true
CRV00314,CRT025,MOV0070,60,C,초보 사회자의 예측 가능한 사고,결혼식 코미디의 익숙한 경로를 벗어나지 못한다.,2026-07-25T14:14:00Z,mixed,false
CRV00315,CRT025,MOV0054,58,C-,서로 모르는 사이가 된 얕은 이유,기억 장치가 관계의 복잡성을 단순화한다.,2026-07-25T14:15:00Z,mixed,false
CRV00316,CRT025,MOV0200,89,A-,방패연이 바꾼 전장의 방향,전통 공예와 전술을 역동적으로 결합한 액션이 빛난다.,2026-07-25T14:16:00Z,must_watch,true
CRV00317,CRT025,MOV0141,85,A-,연필 선이 일으킨 푸른 파도,손그림의 질감과 모험의 감정을 아름답게 통일한다.,2026-07-25T14:17:00Z,must_watch,true
CRV00318,CRT025,MOV0102,73,B-,세탁조를 돌리는 생활 도깨비,유머와 위로는 좋지만 후반의 갈등은 안전하다.,2026-07-25T14:18:00Z,recommended,false
CRV00319,CRT025,MOV0094,60,C,무인도 배송 완료 뒤 남은 공백,배달 SF의 출발에 비해 생존 서사가 단순하다.,2026-07-25T14:19:00Z,mixed,false
CRV00320,CRT025,MOV0031,82,B+,잠들지 않는 보관함의 심야 목록,물건과 주인의 비밀을 촘촘하게 교차시킨다.,2026-07-25T14:20:00Z,recommended,true
CRV00321,CRT026,MOV0024,63,C,창문 없는 편의점의 막힌 시야,폐쇄감은 좋지만 범죄의 동기가 충분하지 않다.,2026-07-26T14:21:00Z,mixed,false
CRV00322,CRT026,MOV0137,77,B,울리지 않는 초인종이 만든 긴장,일상 소음의 지연을 공포의 박자로 사용한다.,2026-07-26T14:22:00Z,recommended,true
CRV00323,CRT026,MOV0082,55,C-,기억 세탁의 얼룩진 약관,거래 규칙이 장면마다 변해 윤리적 질문도 흐려진다.,2026-07-26T14:23:00Z,mixed,false
CRV00324,CRT026,MOV0175,86,A-,새벽 네 시의 목소리 노동,상담원의 침묵까지도 정직하게 기록한 드라마다.,2026-07-26T14:24:00Z,must_watch,true
CRV00325,CRT026,MOV0189,95,A+,택시 한 대에 실린 서울의 열두 시간,승객들의 삶과 도시의 밤을 완벽한 리듬으로 연결한다.,2026-07-26T14:25:00Z,must_watch,true
CRV00326,CRT026,MOV0141,83,B+,연필로 그린 바다의 물성,선과 색이 파도의 감정을 생생하게 만든다.,2026-07-26T14:26:00Z,recommended,true
CRV00327,CRT026,MOV0124,59,C-,우물 아래 여름방학의 낮은 수심,향수는 풍부하지만 미스터리가 얕다.,2026-07-26T14:27:00Z,mixed,false
CRV00328,CRT026,MOV0012,47,D,구두를 따라가다 잃은 방향,우연에 의존한 추적이 감정의 여운까지 약하게 만든다.,2026-07-26T14:28:00Z,skip,false
CRV00329,CRT026,MOV0050,62,C,온실 속 여섯 시의 반복,공간의 아름다움이 정체된 인물을 구하지 못한다.,2026-07-26T14:29:00Z,mixed,false
CRV00330,CRT026,MOV0194,72,B-,항공로 27의 안정된 교신,전문성은 좋지만 위기의 반전은 익숙하다.,2026-07-26T14:30:00Z,recommended,false
CRV00331,CRT026,MOV0193,51,D,707호 객차를 맴도는 액션,열차라는 공간을 반복 추격으로 낭비한다.,2026-07-26T14:31:00Z,skip,false
CRV00332,CRT026,MOV0051,71,B-,월세 고지서와 미완의 고백,현실적 대화는 좋지만 로맨스의 봉합이 쉽다.,2026-07-26T14:32:00Z,recommended,false
CRV00333,CRT027,MOV0134,57,C-,13번 문의 오래된 냉기,공간의 공포가 인물의 비논리적 행동에 무너진다.,2026-07-27T14:33:00Z,mixed,false
CRV00334,CRT027,MOV0044,78,B,겨울 바다에 남긴 퇴근 후 한마디,절제된 로맨스의 온도가 좋다.,2026-07-27T14:34:00Z,recommended,true
CRV00335,CRT027,MOV0137,89,A-,초인종이 울리지 않는 완벽한 순간,기다림과 생활 소음만으로 정교한 공포를 완성한다.,2026-07-27T14:35:00Z,must_watch,true
CRV00336,CRT027,MOV0149,84,B+,가장 느린 특급의 정확한 도착,속도 경쟁을 뒤집는 유머가 생동감 있다.,2026-07-27T14:36:00Z,recommended,true
CRV00337,CRT027,MOV0018,82,B+,냉장고가 품은 오래된 겨울,음식의 감각으로 가족의 공백을 섬세하게 복원한다.,2026-07-27T14:37:00Z,recommended,true
CRV00338,CRT027,MOV0055,76,B,첫눈 예약표 밖의 사랑,계절적 정서를 안정적으로 살린 로맨스다.,2026-07-27T14:38:00Z,recommended,true
CRV00339,CRT027,MOV0088,52,D,꿈 백업 실패와 서사의 복구 불가,기술 설정과 감정 모두 일관성이 없다.,2026-07-27T14:39:00Z,skip,false
CRV00340,CRT027,MOV0096,65,C+,화성 막차의 긴 통근 시간,우주 일상은 신선하지만 추격전은 낡았다.,2026-07-27T14:40:00Z,mixed,false
CRV00341,CRT027,MOV0061,62,C,잠입한 부장님이 놓친 조직의 문제,상황 코미디가 해결의 깊이를 대신한다.,2026-07-27T14:41:00Z,mixed,false
CRV00342,CRT027,MOV0042,69,C+,7.5센티미터의 반복된 비유,공간 연출은 좋지만 대사가 감정을 과잉 설명한다.,2026-07-27T14:42:00Z,mixed,false
CRV00343,CRT027,MOV0049,77,B,느리게 번역된 봄밤의 마음,침묵과 주저함을 세심하게 담는다.,2026-07-27T14:43:00Z,recommended,true
CRV00344,CRT027,MOV0077,88,A-,정시 퇴근을 쟁취한 팀의 연대,직장인의 현실과 코미디의 박자를 정확히 맞춘다.,2026-07-27T14:44:00Z,must_watch,true
CRV00345,CRT028,MOV0043,73,B-,접힌 비행운의 미완성 편지,영상은 아름답지만 관계의 결말이 안전하다.,2026-07-28T14:45:00Z,recommended,false
CRV00346,CRT028,MOV0042,72,B-,두 사람 사이의 측정 가능한 망설임,거리의 이미지는 좋지만 감정 변화가 느리다.,2026-07-28T14:46:00Z,recommended,false
CRV00347,CRT028,MOV0166,73,B-,겨울 논에 남은 공동체의 약속,농촌의 계절은 선명하지만 갈등의 유형은 익숙하다.,2026-07-28T14:47:00Z,recommended,false
CRV00348,CRT028,MOV0101,55,C-,달빛 대여점의 긴 이용 약관,세계 설명이 모험의 기쁨을 가린다.,2026-07-28T14:48:00Z,mixed,false
CRV00349,CRT028,MOV0008,75,B,분실물센터가 찾아 준 밤의 달빛,도시인의 잃어버린 마음을 따뜻하게 돌려준다.,2026-07-28T14:49:00Z,recommended,true
CRV00350,CRT028,MOV0021,70,B-,열세 번째 함에 갇힌 익숙한 반전,아파트의 불안은 좋지만 해답은 평범하다.,2026-07-28T14:50:00Z,recommended,false
CRV00351,CRT028,MOV0023,71,B-,17초 음성을 되감는 성실한 수사,복원 과정은 좋지만 범인의 윤곽은 얇다.,2026-07-28T14:51:00Z,recommended,false
CRV00352,CRT028,MOV0080,94,A,가사 로봇의 파업 선언과 가족 혁명,웃음 속에서 돌봄 노동의 불평등을 정확히 짚는다.,2026-07-28T14:52:00Z,must_watch,true
CRV00353,CRT028,MOV0115,74,B-,꿈길 안내소의 야간 민원,잠을 행정화한 발상은 좋지만 에피소드 편차가 있다.,2026-07-28T14:53:00Z,recommended,false
CRV00354,CRT028,MOV0129,89,A-,반지하에 밀려온 파도의 압력,주거 불안을 청각과 공간의 공포로 완성한다.,2026-07-28T14:54:00Z,must_watch,true
CRV00355,CRT028,MOV0159,84,B+,모래성 우체국의 사라지는 편지,소멸과 기억의 감정을 아름답게 그린다.,2026-07-28T14:55:00Z,recommended,true
CRV00356,CRT028,MOV0099,95,A+,별빛 우체국 마지막 날의 완벽한 작별,폐점의 슬픔을 새로운 연결로 바꾸는 힘이 탁월하다.,2026-07-28T14:56:00Z,must_watch,true
CRV00357,CRT029,MOV0195,81,B+,검은 파도 아래 잠수정의 호흡,수중 작전의 압력과 팀워크가 선명하다.,2026-07-29T14:57:00Z,recommended,true
CRV00358,CRT029,MOV0006,82,B+,바다로 간 마지막 버스의 승객들,각자의 밤을 동해의 새벽으로 아름답게 잇는다.,2026-07-29T14:58:00Z,recommended,true
CRV00359,CRT029,MOV0138,89,A-,새벽 기도 알림의 사적인 침입,스마트폰 소리를 죄책감의 공포로 변환한다.,2026-07-29T14:59:00Z,must_watch,true
CRV00360,CRT029,MOV0013,88,A-,소양강의 침묵이 남긴 겨울,풍경과 정지된 시간으로 깊은 상실을 전달한다.,2026-07-29T15:00:00Z,must_watch,true
CRV00361,CRT029,MOV0123,75,B,거울의 웃음이 어긋난 한 박자,반사의 시간차를 효과적인 공포로 활용한다.,2026-07-29T15:01:00Z,recommended,true
CRV00362,CRT029,MOV0080,84,B+,파업 로봇과 가족의 재협상,대중적 웃음과 노동의 질문을 균형 있게 담는다.,2026-07-29T15:02:00Z,recommended,true
CRV00363,CRT029,MOV0167,90,A,끝나지 않은 야간 교실의 역사,학생과 교사의 기억을 입체적으로 교차한다.,2026-07-29T15:03:00Z,must_watch,true
CRV00364,CRT029,MOV0173,77,B,소리를 만지는 손의 세심한 기록,촉각 통역의 세계를 존중하는 관찰이 돋보인다.,2026-07-29T15:04:00Z,recommended,true
CRV00365,CRT029,MOV0043,81,B+,비행운에 접힌 이별의 방향,하늘의 선과 감정의 망설임을 유려하게 맞춘다.,2026-07-29T15:05:00Z,recommended,true
CRV00366,CRT029,MOV0161,80,B+,시장 문이 열리기 전의 백 가지 박자,상인들의 노동을 활기찬 합창으로 구성한다.,2026-07-29T15:06:00Z,recommended,true
CRV00367,CRT029,MOV0016,61,C,사진관의 마지막 익숙한 비밀,아날로그 촉감에 비해 가족 서사가 진부하다.,2026-07-29T15:07:00Z,mixed,false
CRV00368,CRT029,MOV0108,68,C+,종이배가 도착한 집의 쉬운 화해,환상은 따뜻하지만 갈등의 깊이가 얕다.,2026-07-29T15:08:00Z,mixed,false
CRV00369,CRT030,MOV0186,68,C+,88구역 야간 순찰의 제한 속도,공간의 긴장에 비해 액션의 변화가 적다.,2026-07-30T15:09:00Z,mixed,false
CRV00370,CRT030,MOV0009,83,B+,유리창 너머 들린 가장 가까운 목소리,소리로만 쌓은 관계가 깊은 여운을 남긴다.,2026-07-30T15:10:00Z,recommended,true
CRV00371,CRT030,MOV0168,69,C+,폐어망을 걷어 올린 현장의 손,문제의식은 좋지만 서사적 집중이 부족하다.,2026-07-30T15:11:00Z,mixed,false
CRV00372,CRT030,MOV0021,51,D,열세 번째 택배함의 빈 칸,반전과 인물 모두 예상 범위를 넘지 못한다.,2026-07-30T15:12:00Z,skip,false
CRV00373,CRT030,MOV0050,65,C+,저녁 여섯 시 온실의 고요,아름다운 정적이 반복된 망설임으로 늘어진다.,2026-07-30T15:13:00Z,mixed,false
CRV00374,CRT030,MOV0033,68,C+,22번 부표를 감싼 안개,해상 공간은 좋지만 단서의 논리는 얕다.,2026-07-30T15:14:00Z,mixed,false
CRV00375,CRT030,MOV0138,94,A,기도 알림 한 번으로 흔든 새벽,일상의 장치를 가장 사적인 공포로 정교하게 전환한다.,2026-07-30T15:15:00Z,must_watch,true
CRV00376,CRT030,MOV0078,62,C,사장 부재가 만든 예상된 소동,직원들의 혼란이 익숙한 순서로 반복된다.,2026-07-30T15:16:00Z,mixed,false
CRV00377,CRT030,MOV0147,70,B-,별똥별 정비소의 무난한 야간,세계의 미감은 좋지만 사건은 평이하다.,2026-07-30T15:17:00Z,recommended,false
CRV00378,CRT030,MOV0087,80,B+,우주 엘리베이터 1층의 대기실,거대 기술 아래 인간의 시간을 따뜻하게 본다.,2026-07-30T15:18:00Z,recommended,true
CRV00379,CRT030,MOV0016,55,C-,현상되지 않은 마지막 손님,사진관의 향수가 진부한 반전을 가리지 못한다.,2026-07-30T15:19:00Z,mixed,false
CRV00380,CRT030,MOV0047,66,C+,한강에 머문 말의 잔향,공간은 정서적이나 사랑의 오해는 상투적이다.,2026-07-30T15:20:00Z,mixed,false
CRV00381,CRT031,MOV0019,73,B-,항구의 두 번째 이름을 부르는 사람들,지역의 기억은 풍부하지만 결말은 안전하다.,2026-07-31T15:21:00Z,recommended,false
CRV00382,CRT031,MOV0048,66,C+,두 우편번호가 만든 오랜 오해,편지의 감성에 비해 갈등의 원인은 얕다.,2026-07-31T15:22:00Z,mixed,false
CRV00383,CRT031,MOV0156,67,C+,바다 유리가 품은 옅은 노래,환경과 가족의 두 축이 완전히 합쳐지지 않는다.,2026-07-31T15:23:00Z,mixed,false
CRV00384,CRT031,MOV0089,77,B,내일 날씨의 시장 가격,기후를 거래하는 사회의 불평등을 날카롭게 상상한다.,2026-07-31T15:24:00Z,recommended,true
CRV00385,CRT031,MOV0165,55,C-,수선되지 못한 도시의 연결부,사례와 주장 사이의 편집이 느슨하다.,2026-07-31T15:25:00Z,mixed,false
CRV00386,CRT031,MOV0131,78,B,현관문 밖에 놓인 어제의 시간,일상 공간을 시간의 함정으로 바꾸는 발상이 효과적이다.,2026-07-31T15:26:00Z,recommended,true
CRV00387,CRT031,MOV0198,55,C-,남산 인쇄소의 흐린 활자,시대적 맥락이 장르적 장식으로만 소비된다.,2026-07-31T15:27:00Z,mixed,false
CRV00388,CRT031,MOV0197,75,B,한밤 드론 레이스의 서울 궤적,도심 지형을 활용한 속도감이 준수하다.,2026-07-31T15:28:00Z,recommended,true
CRV00389,CRT031,MOV0021,60,C,열세 번째 함의 익숙한 공포,아파트의 익명성을 더 깊게 파고들지 못한다.,2026-07-31T15:29:00Z,mixed,false
CRV00390,CRT031,MOV0174,88,A-,백 년 씨앗이 견딘 계절,보존가의 노동과 기후 시간을 정직하게 담는다.,2026-07-31T15:30:00Z,must_watch,true
CRV00391,CRT031,MOV0106,58,C-,바람 분실물의 주인 없는 사연,아이디어가 감정의 구체성으로 이어지지 않는다.,2026-07-31T15:31:00Z,mixed,false
CRV00392,CRT031,MOV0102,78,B,도깨비 세탁조가 돌려준 위로,생활의 근심을 유쾌한 마법으로 씻어낸다.,2026-07-31T15:32:00Z,recommended,true
CRV00393,CRT032,MOV0057,76,B,빈자리를 채우지 않는 용기,상실 이후의 시간을 담담하게 존중한다.,2026-08-01T15:33:00Z,recommended,true
CRV00394,CRT032,MOV0024,78,B,창문 없는 편의점의 감시 시선,폐쇄 공간과 야간 노동을 긴장감 있게 결합한다.,2026-08-01T15:34:00Z,recommended,true
CRV00395,CRT032,MOV0133,72,B-,녹음 장치가 놓친 가장 큰 비명,음향은 탁월하지만 인물의 선택은 관습적이다.,2026-08-01T15:35:00Z,recommended,false
CRV00396,CRT032,MOV0155,91,A,녹으면서 완성되는 눈사람의 봄,사라짐을 성장으로 바꾼 아름다운 애니메이션이다.,2026-08-01T15:36:00Z,must_watch,true
CRV00397,CRT032,MOV0060,62,C,자막 없이 지나간 계절의 거리,언어의 차이를 말하지만 관계의 깊이는 충분하지 않다.,2026-08-01T15:37:00Z,mixed,false
CRV00398,CRT032,MOV0128,68,C+,물때표 밖 시간의 섬,고유한 리듬은 좋지만 미스터리의 결론이 약하다.,2026-08-01T15:38:00Z,mixed,false
CRV00399,CRT032,MOV0097,97,A+,전파가 끊긴 아파트의 완벽한 연결,기술 재난과 생활 공동체를 빈틈없이 설계한 걸작이다.,2026-08-01T15:39:00Z,must_watch,true
CRV00400,CRT032,MOV0031,87,A-,보관함이 기록한 잠들지 않는 도시,사물과 사람의 비밀을 세련된 야간 미스터리로 묶는다.,2026-08-01T15:40:00Z,must_watch,true
CRV00401,CRT032,MOV0181,68,C+,철의 강에 묻힌 인물의 목소리,산업 액션의 중량감은 좋지만 관계의 결은 얕다.,2026-08-01T15:41:00Z,mixed,false
CRV00402,CRT032,MOV0090,78,B,정지 버튼 없는 도시의 형식 실험,쉴 틈 없는 편집이 도시인의 피로를 효과적으로 체험시킨다.,2026-08-01T15:42:00Z,recommended,true
CRV00403,CRT032,MOV0193,68,C+,707호 객실의 제한된 속도,열차 액션의 공간감은 좋지만 반복이 잦다.,2026-08-01T15:43:00Z,mixed,false
CRV00404,CRT032,MOV0161,91,A,시장 셔터가 오르는 순간의 합창,백 가지 노동의 소리를 하나의 생생한 리듬으로 완성한다.,2026-08-01T15:44:00Z,must_watch,true
CRV00405,CRT033,MOV0120,52,D,품절된 마법보다 빈 진열대,상점의 장식만 남고 인물의 욕망은 보이지 않는다.,2026-08-02T15:45:00Z,skip,false
CRV00406,CRT033,MOV0107,74,B-,밤을 파는 편의점의 손님 명단,도시 판타지의 정서는 좋지만 에피소드 편차가 크다.,2026-08-02T15:46:00Z,recommended,false
CRV00407,CRT033,MOV0053,90,A,사진 밖 바람을 포착한 시선,보이지 않는 움직임으로 사랑과 상실을 표현한 영상미가 탁월하다.,2026-08-02T15:47:00Z,must_watch,true
CRV00408,CRT033,MOV0194,72,B-,27번 항로의 안정된 긴장,전문 교신은 정확하지만 위기 구조는 익숙하다.,2026-08-02T15:48:00Z,recommended,false
CRV00409,CRT033,MOV0141,69,C+,연필 바다의 아름다운 평면,그림의 질감에 비해 모험의 깊이는 얕다.,2026-08-02T15:49:00Z,mixed,false
CRV00410,CRT033,MOV0048,70,B-,우편번호가 가른 두 사람의 생활,지역 차이는 흥미롭지만 오해의 지속이 작위적이다.,2026-08-02T15:50:00Z,recommended,false
CRV00411,CRT033,MOV0051,53,D,월세와 고백의 불공정 계약,두 주제를 모두 피상적으로 소비한다.,2026-08-02T15:51:00Z,skip,false
CRV00412,CRT033,MOV0176,76,B,연어가 그린 돌아오는 물길,생태 복원의 과정을 정확하고 차분하게 담는다.,2026-08-02T15:52:00Z,recommended,true
CRV00413,CRT033,MOV0177,54,D,열두 사람을 수용하지 못한 무대,인물 나열이 노동의 구체성을 가린다.,2026-08-02T15:53:00Z,skip,false
CRV00414,CRT033,MOV0175,81,B+,새벽 네 시 수화기 너머의 삶,상담원의 감정과 시스템의 압력을 균형 있게 본다.,2026-08-02T15:54:00Z,recommended,true
CRV00415,CRT033,MOV0063,63,C,비밀 계정에 갇힌 가족의 오해,디지털 소재는 좋지만 화해가 지나치게 쉽다.,2026-08-02T15:55:00Z,mixed,false
CRV00416,CRT033,MOV0066,67,C+,임시 반장의 복도 정치,생활 밀착 유머는 좋지만 소동이 길다.,2026-08-02T15:56:00Z,mixed,false
CRV00417,CRT034,MOV0168,63,C,폐어망을 걷어도 남는 질문,현장 정보는 충분하지만 영화적 구조는 평탄하다.,2026-08-03T15:57:00Z,mixed,false
CRV00418,CRT034,MOV0016,69,C+,마지막 사진의 익숙한 빈자리,아날로그 감성은 좋지만 비밀은 예상 가능하다.,2026-08-03T15:58:00Z,mixed,false
CRV00419,CRT034,MOV0103,67,C+,지하철 정원의 불균일한 성장,도시 판타지의 발상은 좋지만 규칙이 느슨하다.,2026-08-03T15:59:00Z,mixed,false
CRV00420,CRT034,MOV0030,55,C-,신호등 없는 밤의 길 잃은 추리,분위기만으로 장르의 빈틈을 메우지 못한다.,2026-08-03T16:00:00Z,mixed,false
CRV00421,CRT034,MOV0129,75,B,반지하 벽을 두드리는 파도 소리,주거 불안을 감각적 공포로 전환하는 힘이 있다.,2026-08-03T16:01:00Z,recommended,true
CRV00422,CRT034,MOV0055,69,C+,첫눈 예약표의 익숙한 설렘,정서는 좋지만 인물의 궤적은 관습적이다.,2026-08-03T16:02:00Z,mixed,false
CRV00423,CRT034,MOV0115,69,C+,꿈길 안내소의 고르지 않은 상담 기록,좋은 발상과 평범한 에피소드가 공존한다.,2026-08-03T16:03:00Z,mixed,false
CRV00424,CRT034,MOV0077,82,B+,정시 퇴근을 위한 가장 현실적인 작전,직장인의 연대를 경쾌하고 구체적으로 그린다.,2026-08-03T16:04:00Z,recommended,true
CRV00425,CRT034,MOV0046,78,B,연두색 자전거가 지난 계절,동네의 변화와 청춘의 속도를 따뜻하게 포착한다.,2026-08-03T16:05:00Z,recommended,true
CRV00426,CRT034,MOV0175,77,B,새벽 콜센터의 절제된 위로,감정 노동을 존중하는 시선이 좋다.,2026-08-03T16:06:00Z,recommended,true
CRV00427,CRT034,MOV0021,57,C-,열세 번째 택배함의 낡은 자물쇠,익명 공동주택의 불안을 새로운 반전으로 발전시키지 못한다.,2026-08-03T16:07:00Z,mixed,false
CRV00428,CRT034,MOV0012,62,C,구두가 남긴 불완전한 발자국,사물의 정서는 좋지만 추적의 인과가 약하다.,2026-08-03T16:08:00Z,mixed,false
CRV00429,CRT035,MOV0144,58,C-,빠른 편지를 배달하는 느린 서사,달팽이 캐릭터 외에 기억할 사건이 부족하다.,2026-08-04T16:09:00Z,mixed,false
CRV00430,CRT035,MOV0052,75,B,플레이리스트 2007의 정확한 선곡,복고에 기대면서도 세대의 기억을 안정적으로 건드린다.,2026-08-04T16:10:00Z,recommended,true
CRV00431,CRT035,MOV0156,84,B+,바다 유리 조각이 부른 가족의 기억,환경과 감정의 선율을 아름답게 맞춘다.,2026-08-04T16:11:00Z,recommended,true
CRV00432,CRT035,MOV0031,74,B-,밤새 깨어 있는 보관함의 사연,도시 야사는 매력적이나 결말의 연결이 다소 억지다.,2026-08-04T16:12:00Z,recommended,false
CRV00433,CRT035,MOV0007,67,C+,월요일마다 출근하는 고양이의 노동,귀여운 풍자 뒤의 전개가 반복된다.,2026-08-04T16:13:00Z,mixed,false
CRV00434,CRT035,MOV0061,59,C-,부장님의 위장이 가리지 못한 진부함,회사 코미디의 익숙한 농담을 되풀이한다.,2026-08-04T16:14:00Z,mixed,false
CRV00435,CRT035,MOV0114,84,B+,천 년 된 판매자의 중고거래 후기,디지털 말투와 고대 설화를 기민하게 충돌시킨다.,2026-08-04T16:15:00Z,recommended,true
CRV00436,CRT035,MOV0124,64,C,우물 아래 여름의 얕은 비밀,향수의 물성은 좋지만 미스터리가 힘을 잃는다.,2026-08-04T16:16:00Z,mixed,false
CRV00437,CRT035,MOV0065,51,D,사과 메뉴의 만료된 농담,한 가지 상황을 지나치게 오래 반복한다.,2026-08-04T16:17:00Z,skip,false
CRV00438,CRT035,MOV0009,87,A-,유리창 너머 목소리가 만든 친밀함,보이지 않는 두 사람의 관계를 섬세한 음향으로 완성한다.,2026-08-04T16:18:00Z,must_watch,true
CRV00439,CRT035,MOV0080,98,A+,파업한 로봇이 다시 쓴 가족 헌법,대중적 웃음과 돌봄 노동의 비판을 완벽하게 결합한다.,2026-08-04T16:19:00Z,must_watch,true
CRV00440,CRT035,MOV0111,57,C-,이름을 얻고도 흐릿한 그림자,철학적 질문에 비해 판타지 규칙이 빈약하다.,2026-08-04T16:20:00Z,mixed,false
CRV00441,CRT036,MOV0052,69,C+,2007년 노래가 메운 서사의 빈칸,음악의 향수는 강하지만 인물은 익숙하다.,2026-08-05T16:21:00Z,mixed,false
CRV00442,CRT036,MOV0187,81,B+,산불선의 정확한 열기,현장 액션과 대원의 판단을 안정적으로 담는다.,2026-08-05T16:22:00Z,recommended,true
CRV00443,CRT036,MOV0172,69,C+,책이 도착한 섬의 고요한 가능성,독서 공동체는 매력적이나 주민의 깊이는 고르지 않다.,2026-08-05T16:23:00Z,mixed,false
CRV00444,CRT036,MOV0192,72,B-,상륙 전야를 기록한 사진사의 시선,전쟁의 긴장은 좋지만 개인 서사의 봉합은 익숙하다.,2026-08-05T16:24:00Z,recommended,false
CRV00445,CRT036,MOV0079,87,A-,동네방송의 가장 인간적인 긴급편성,지역의 작은 기술과 큰 연대를 유쾌하게 보여 준다.,2026-08-05T16:25:00Z,must_watch,true
CRV00446,CRT036,MOV0184,62,C,북항 컨테이너에 갇힌 추격,공간은 강렬하지만 액션이 반복된다.,2026-08-05T16:26:00Z,mixed,false
CRV00447,CRT036,MOV0108,70,B-,종이배가 돌아온 집의 순한 결말,환상의 정서는 좋지만 가족 문제를 쉽게 푼다.,2026-08-05T16:27:00Z,recommended,false
CRV00448,CRT036,MOV0001,94,A,새벽 세탁소가 완성한 도시의 초상,생활의 얼룩을 통해 계급과 관계를 치밀하게 읽는다.,2026-08-05T16:28:00Z,must_watch,true
CRV00449,CRT036,MOV0142,70,B-,첫 배달을 마친 구름이의 무난한 성장,캐릭터는 좋지만 교훈이 직접적이다.,2026-08-05T16:29:00Z,recommended,false
CRV00450,CRT036,MOV0091,74,B-,달 표면 편의점의 야간 노동,우주 생활의 소소한 디테일이 즐겁지만 갈등은 약하다.,2026-08-05T16:30:00Z,recommended,false
CRV00451,CRT036,MOV0162,69,C+,사라지는 간판을 붙든 카메라,도시 기록의 가치는 크지만 분석은 제한적이다.,2026-08-05T16:31:00Z,mixed,false
CRV00452,CRT036,MOV0060,69,C+,자막 없는 계절에 남은 번역의 공백,문화 차이는 좋지만 관계의 내면이 부족하다.,2026-08-05T16:32:00Z,mixed,false
CRV00453,CRT037,MOV0047,62,C,한강변에 머문 미완성 문장,장소의 정서보다 익숙한 오해가 앞선다.,2026-08-06T16:33:00Z,mixed,false
CRV00454,CRT037,MOV0168,64,C,파도와 폐어망의 성실한 현장,문제의식은 분명하지만 영화적 리듬이 평탄하다.,2026-08-06T16:34:00Z,mixed,false
CRV00455,CRT037,MOV0079,98,A+,작은 방송국이 만든 가장 큰 공동체,웃음과 위기 대응을 완벽한 편성표로 엮은 코미디의 정점이다.,2026-08-06T16:35:00Z,must_watch,true
CRV00456,CRT037,MOV0070,59,C-,결혼식 마이크의 같은 실수,소동이 예측 가능한 순서로 흘러간다.,2026-08-06T16:36:00Z,mixed,false
CRV00457,CRT037,MOV0178,68,C+,번역된 고향과 번역되지 않은 상처,주제는 좋지만 인물의 변화가 설명에 의존한다.,2026-08-06T16:37:00Z,mixed,false
CRV00458,CRT037,MOV0104,85,A-,구름을 꿰매는 손의 아름다운 노동,기후 판타지와 장인의 후회를 조화롭게 담는다.,2026-08-06T16:38:00Z,must_watch,true
CRV00459,CRT037,MOV0032,66,C+,마지막 호출번호의 불완전한 응답,공간은 좋지만 범죄의 동기가 약하다.,2026-08-06T16:39:00Z,mixed,false
CRV00460,CRT037,MOV0149,78,B,느림으로 승리한 나무늘보 열차,캐릭터의 움직임과 유머가 정확하다.,2026-08-06T16:40:00Z,recommended,true
CRV00461,CRT037,MOV0141,76,B,연필 선이 만든 바다의 숨결,수작업의 질감이 모험의 감정을 살린다.,2026-08-06T16:41:00Z,recommended,true
CRV00462,CRT037,MOV0115,69,C+,꿈길 안내소의 고르지 않은 지도,발상과 미술은 좋지만 이야기 편차가 크다.,2026-08-06T16:42:00Z,mixed,false
CRV00463,CRT037,MOV0100,74,B-,오류 코드 가족의 쉬운 복구,관계의 문제를 기술 은유로 간단히 봉합한다.,2026-08-06T16:43:00Z,recommended,false
CRV00464,CRT037,MOV0014,80,B+,보증금 없는 방에 쌓인 생활의 연대,주거 불안을 구체적인 공동생활로 따뜻하게 풀어낸다.,2026-08-06T16:44:00Z,recommended,true
CRV00465,CRT038,MOV0158,90,A,로봇 강아지가 찾은 진짜 꼬리의 의미,기계의 몸짓을 사랑과 이별의 언어로 완성한다.,2026-08-07T16:45:00Z,must_watch,true
CRV00466,CRT038,MOV0013,83,B+,대답 없는 강이 품은 상실의 깊이,소양강의 겨울 풍경과 침묵이 긴 여운을 준다.,2026-08-07T16:46:00Z,recommended,true
CRV00467,CRT038,MOV0030,58,C-,사라진 신호등과 함께 끊긴 단서,밤의 이미지에 비해 추리가 헐겁다.,2026-08-07T16:47:00Z,mixed,false
CRV00468,CRT038,MOV0155,82,B+,봄 소풍에서 배운 눈사람의 작별,소멸을 두려움 없이 받아들이는 성장담이다.,2026-08-07T16:48:00Z,recommended,true
CRV00469,CRT038,MOV0105,67,C+,기억 화원의 아름다운 꽃과 약한 뿌리,미술은 좋지만 세계 규칙이 안정되지 않는다.,2026-08-07T16:49:00Z,mixed,false
CRV00470,CRT038,MOV0053,84,B+,사진 바깥으로 불어온 감정,보이지 않는 바람을 관계의 변화로 표현한다.,2026-08-07T16:50:00Z,recommended,true
CRV00471,CRT038,MOV0050,53,D,여섯 시 온실의 끝없는 대기,정적인 미장센이 인물의 정체를 넘어설 수 없다.,2026-08-07T16:51:00Z,skip,false
CRV00472,CRT038,MOV0077,69,C+,정시 퇴근을 향한 다소 쉬운 승리,직장 현실은 좋지만 해결이 낙관적이다.,2026-08-07T16:52:00Z,mixed,false
CRV00473,CRT038,MOV0040,78,B,어제 비밀번호가 연 오늘의 진실,시간 단서를 안정적인 추리로 회수한다.,2026-08-07T16:53:00Z,recommended,true
CRV00474,CRT038,MOV0039,55,C-,검표원의 마지막 표와 반복된 후회,독백이 사건의 긴장을 멈춘다.,2026-08-07T16:54:00Z,mixed,false
CRV00475,CRT038,MOV0067,72,B-,장부 탐정의 퇴근 후 사건,생활 단서의 재미는 좋지만 결말이 평이하다.,2026-08-07T16:55:00Z,recommended,false
CRV00476,CRT038,MOV0121,69,C+,0호실 복도의 유효한 첫 공포,중반 이후 공간 변주가 부족하다.,2026-08-07T16:56:00Z,mixed,false
CRV00477,CRT039,MOV0017,69,C+,정류장 의자가 기록한 동네의 시간,담백한 관찰은 좋지만 극적 변화는 작다.,2026-08-08T16:57:00Z,mixed,false
CRV00478,CRT039,MOV0099,93,A,별빛 우체국의 마지막 소인이 남긴 빛,사라지는 관계를 아름다운 작별로 완성한다.,2026-08-08T16:58:00Z,must_watch,true
CRV00479,CRT039,MOV0031,76,B,심야 보관함에 쌓인 도시의 비밀,사물 서사를 안정적인 미스터리로 엮는다.,2026-08-08T16:59:00Z,recommended,true
CRV00480,CRT039,MOV0060,62,C,자막 밖으로 밀려난 두 사람의 계절,언어의 문제를 충분히 입체화하지 못한다.,2026-08-08T17:00:00Z,mixed,false
CRV00481,CRT039,MOV0094,61,C,무인도 배송 뒤의 빈 송장,배달 설정에 비해 생존의 갈등이 단순하다.,2026-08-08T17:01:00Z,mixed,false
CRV00482,CRT039,MOV0193,63,C,707호 객차 안 반복되는 속도,열차의 폐쇄감이 액션의 단조로움에 묻힌다.,2026-08-08T17:02:00Z,mixed,false
CRV00483,CRT039,MOV0039,45,D,마지막 표를 끊지 못한 서사,죄책감의 반복만 남기고 장르적 긴장을 놓친다.,2026-08-08T17:03:00Z,skip,false
CRV00484,CRT039,MOV0098,83,B+,사춘기를 학습한 인공지능의 오류,가족 코미디와 기술 윤리를 매끄럽게 연결한다.,2026-08-08T17:04:00Z,recommended,true
CRV00485,CRT039,MOV0084,98,A+,도시인의 감정을 대여하는 완벽한 밤,각 손님의 선택이 상품화와 진심의 윤리를 풍부하게 탐색한다.,2026-08-08T17:05:00Z,must_watch,true
CRV00486,CRT039,MOV0095,81,B+,업데이트할수록 낯설어진 얼굴,정체성의 불안을 세련된 기술 공포로 구축한다.,2026-08-08T17:06:00Z,recommended,true
CRV00487,CRT039,MOV0192,73,B-,인천상륙 전야의 흔들린 초점,사진가의 시선은 좋지만 개인 드라마가 관습적이다.,2026-08-08T17:07:00Z,recommended,false
CRV00488,CRT039,MOV0128,58,C-,물때표 바깥 시간의 느슨한 봉합,섬의 분위기가 미스터리의 허점을 가리지 못한다.,2026-08-08T17:08:00Z,mixed,false
CRV00489,CRT040,MOV0101,48,D,달빛 대여점의 긴 약관과 짧은 모험,세계 설명만 가득하고 인물의 변화가 없다.,2026-08-09T17:09:00Z,skip,false
CRV00490,CRT040,MOV0160,67,C+,투명 공룡이 남긴 희미한 발자국,아이의 상상은 따뜻하지만 에피소드가 반복된다.,2026-08-09T17:10:00Z,mixed,false
CRV00491,CRT040,MOV0032,78,B,마지막 호출번호를 좇는 야간 수사,콜센터와 전화 기록을 효과적인 단서로 활용한다.,2026-08-09T17:11:00Z,recommended,true
CRV00492,CRT040,MOV0128,63,C,물때표에 없는 시간의 잔잔한 미로,고유한 리듬에 비해 결말은 흐리다.,2026-08-09T17:12:00Z,mixed,false
CRV00493,CRT040,MOV0157,84,B+,구름과 바람이 키운 아이의 계절,날씨와 가족 감정을 아름답게 겹친다.,2026-08-09T17:13:00Z,recommended,true
CRV00494,CRT040,MOV0057,85,A-,빈자리를 견디는 성숙한 시간,상실을 해결하지 않고 살아가는 법을 깊이 있게 보여 준다.,2026-08-09T17:14:00Z,must_watch,true
CRV00495,CRT040,MOV0099,88,A-,폐점 안내 뒤에도 도착한 별빛 편지,작별의 감정을 환상과 현실 사이에 정확히 놓는다.,2026-08-09T17:15:00Z,must_watch,true
CRV00496,CRT040,MOV0148,90,A,지하철 터널을 헤엄친 도시의 위로,고래의 움직임으로 서울의 고독을 아름답게 감싼다.,2026-08-09T17:16:00Z,must_watch,true
CRV00497,CRT040,MOV0130,72,B-,마지막 상영의 관객이 남긴 그림자,극장 공포와 향수는 좋지만 해답은 익숙하다.,2026-08-09T17:17:00Z,recommended,false
CRV00498,CRT040,MOV0022,66,C+,지하 4층에 내리는 비의 습도,공간은 매력적이지만 단서의 연결이 느슨하다.,2026-08-09T17:18:00Z,mixed,false
CRV00499,CRT040,MOV0189,88,A-,택시기사 K가 통과한 서울의 밤,열두 시간의 승객과 거리를 풍부한 도시 초상으로 묶는다.,2026-08-09T17:19:00Z,must_watch,true
CRV00500,CRT040,MOV0027,85,A-,파도 아래 녹음실의 깊은 주파수,수중 음향과 기억의 미스터리를 높은 완성도로 결합한다.,2026-08-09T17:20:00Z,must_watch,true
