movie_id,title,release_date,primary_genre,genre_detail,production_country,original_language,runtime_minutes,content_rating,director_name,studio_name,production_budget_krw,theatrical_admissions,platform_release_date,is_platform_original,setting,protagonist,core_conflict,keywords,logline
MOV0001,새벽 세탁소의 지도,2018-03-22,Drama,생활 밀착형 미스터리 드라마,KR,ko,112,12+,김해온,모퉁이필름,2800000000,418203,2022-06-10,false,서울 망원동 골목,야간 세탁소 주인,주머니에서 발견된 손그림 지도의 주인을 찾는다,세탁표|골목지도|새벽,매일 같은 코트에서 나온 지도를 따라가던 세탁소 주인이 이웃들이 숨겨 온 작별의 사연과 마주한다.
MOV0002,을지로에서 별이 고장났다,2021-09-16,Drama,도시 재생 휴먼 드라마,KR,ko,118,12+,서이담,회전문스튜디오,4200000000,736114,2024-01-19,false,서울 을지로 조명상가,간판 수리공,철거를 앞둔 상가의 마지막 불빛을 지켜야 한다,네온사인|재개발|동료애,재개발 통보를 받은 간판 수리공이 오래된 상점들의 불빛을 한밤의 전시로 되살린다.
MOV0003,3번 승강장의 여름,2016-07-28,Drama,청춘 성장 드라마,KR,ko,105,12+,윤다해,여름잠픽처스,1700000000,291840,2021-05-14,false,강원도 간이역,역무원 시험 준비생,폐선 전 마지막 여름을 기록한다,간이역|캠코더|첫출근,폐선을 앞둔 간이역에서 일하게 된 청년이 승객들의 마지막 목적지를 낡은 캠코더에 담는다.
MOV0004,우체통에 남은 온도,2022-09-15,Drama,가족 기억 드라마,KR,ko,124,12+,박은결,달팽이제작소,5100000000,954331,2023-04-07,false,전북 군산 구도심,우편집배원,수취인 없는 편지를 배달하려 한다,미발송편지|부녀관계|겨울,아버지의 배달 구역을 이어받은 집배원이 삼십 년째 돌아오는 편지 한 통의 수취인을 찾아 나선다.
MOV0005,파란 우산 대여점,2020-05-14,Drama,관계 회복 옴니버스,KR,ko,109,ALL,최로운,비오는날필름,2300000000,508772,2023-07-21,false,부산 영도 언덕길,우산 수리점 주인,돌아오지 않는 우산에 얽힌 사연을 모은다,파란우산|언덕길|약속,보증금 대신 사연을 받는 우산 가게 주인이 돌려받지 못한 우산들을 찾아 영도의 골목을 걷는다.
MOV0006,마지막 버스는 바다로 간다,2019-10-03,Drama,로드 무비형 휴먼극,KR,ko,127,15+,문태오,북항시네마,6400000000,1283405,2022-07-15,false,전남 해안 국도,막차 버스기사,노선 폐지 전 승객들의 소원을 들어준다,막차|해안도로|소원,폐지를 하루 앞둔 시외버스 기사와 단골 승객들이 시간표에 없는 바닷가 정류장으로 향한다.
MOV0007,고양이는 월요일에 출근한다,2024-02-08,Drama,직장 생활 휴먼 코미디,KR,ko,101,ALL,한여름,소소한영화사,1900000000,611420,2024-05-03,false,대전 원도심 인쇄소,신입 편집기사,폐업 위기의 인쇄소와 길고양이를 지킨다,인쇄잉크|길고양이|첫직장,낡은 인쇄소에 취직한 청년이 매주 월요일 나타나는 고양이를 통해 말 없는 동료들의 마음을 읽는다.
MOV0008,분실물센터의 달빛,2017-12-14,Drama,도시 관찰 드라마,KR,ko,114,12+,정유담,플랫폼9,3100000000,347892,2021-09-10,false,서울 지하철 유실물센터,야간 계약직 직원,주인 없는 물건으로 실종자의 동선을 복원한다,분실물|교통카드|야간근무,유실물센터 직원이 이름 없는 보청기의 주인을 찾으며 도시에서 사라진 사람들의 흔적을 따라간다.
MOV0009,유리창 너머의 목소리,2022-06-23,Drama,청각 중심 심리 드라마,KR,ko,116,12+,조해인,잔향스튜디오,4700000000,803115,2023-10-13,false,인천 개항장 라디오 부스,소리 채집가,폐국 전 마지막 방송의 발신자를 찾는다,라디오|유리창|파도소리,지역 라디오의 효과음 담당자가 매일 방송에 섞여 드는 정체불명의 파도 소리를 추적한다.
MOV0010,비 오는 날의 수선집,2015-04-09,Drama,세대 공감 드라마,KR,ko,108,ALL,강서온,바늘땀필름,1300000000,225661,2020-08-28,false,대구 서문시장,옷 수선사,주인을 잃은 교복을 완성해야 한다,재봉틀|교복|장마,비 오는 날에만 문을 여는 수선사가 십 년 전 맡겨진 교복의 주인을 기다린다.
MOV0011,옥상에 심은 겨울,2021-12-16,Drama,공동체 회복 드라마,KR,ko,121,12+,이도겸,초록지붕콘텐츠,5800000000,1084217,2022-06-10,false,서울 영등포 공장지대,도시농업 코디네이터,철거 예정 건물의 공동정원을 옮긴다,옥상텃밭|겨울상추|이주,철거를 앞둔 공장 옥상에서 주민들이 마지막 수확을 준비하며 각자의 이사 계획을 털어놓는다.
MOV0012,구두 한 켤레의 행방,2013-09-05,Drama,소시민 추적 드라마,KR,ko,103,12+,오나래,느린장면,980000000,187302,2021-02-12,false,광주 양림동,구두 수선공,짝이 다른 구두 두 개의 주인을 연결한다,낡은구두|사진관|재회,수선공은 같은 흠집을 가진 서로 다른 구두 두 짝이 헤어진 가족의 것임을 알아챈다.
MOV0013,소양강은 대답하지 않았다,2020-11-26,Drama,상실 치유 드라마,KR,ko,132,15+,백도하,물결프로덕션,3900000000,569880,2021-11-12,false,춘천 소양강변,수상 택시기사,형의 사고 기록과 다른 증언을 듣는다,수상택시|안개|형제,수상 택시기사가 안개 낀 강을 오가며 오래전 형의 사고를 기억하는 승객들을 만난다.
MOV0014,보증금 없는 방,2023-04-20,Drama,주거 현실 청춘극,KR,ko,111,15+,신가람,한칸필름,2600000000,442516,2023-12-15,false,서울 신림동 고시원,공인중개사 시험생,퇴거 위기 입주자들의 계약서를 바로잡는다,고시원|계약서|연대,시험을 준비하던 고시원 총무가 불법 퇴거 통보에 맞서 입주자들의 사라진 계약서를 찾는다.
MOV0015,겨울 귤은 천천히 익는다,2018-01-18,Drama,제주 가족 드라마,KR,ko,119,ALL,고은재,오름픽처스,3500000000,724089,2020-12-24,false,제주 서귀포 감귤밭,귀농한 기상캐스터,폭설 속에서 가족 농장의 출하를 지킨다,감귤밭|폭설|귀향,방송을 그만둔 기상캐스터가 예보와 다른 폭설 속에서 서먹한 가족과 감귤 수확을 시작한다.
MOV0016,동네 사진관의 마지막 손님,2014-06-12,Drama,아날로그 추억 드라마,KR,ko,106,ALL,남시우,은염필름,1100000000,302174,2019-11-08,false,충북 청주 성안길,사진 인화기사,폐업일에 맡겨진 미현상 필름을 복원한다,필름카메라|폐업|가족사진,사진관을 정리하던 인화기사가 현상되지 않은 가족사진 속에서 자신의 어린 시절을 발견한다.
MOV0017,정류장에 놓인 의자,2021-02-25,Drama,노년 우정 드라마,KR,ko,104,ALL,류하진,곁필름,1500000000,381902,2022-08-19,false,경남 통영 산복도로,퇴직 목수,철거된 정류장의 의자를 다시 만든다,나무의자|산복도로|노년우정,퇴직한 목수가 사라진 버스 정류장 의자를 복원하며 매일 그곳을 지키던 친구의 비밀을 알게 된다.
MOV0018,오래된 냉장고의 계절,2016-11-10,Drama,이웃 관계 드라마,KR,ko,110,12+,하연우,생활영화연구소,1800000000,276514,2020-05-22,false,전주 완산구 연립주택,출장 가전수리기사,버려진 냉장고 속 반찬통의 주인을 찾는다,냉장고|반찬통|이웃,가전수리기사가 골목마다 같은 반찬통이 놓인 이유를 알아내며 혼자 사는 주민들을 연결한다.
MOV0019,항구의 두 번째 이름,2022-09-15,Drama,이주 노동 휴먼극,KR,ko,126,15+,배주원,파도끝스튜디오,5200000000,918663,2023-07-21,false,울산 장생포 항구,선박 통역사,실종 선원의 잘못 기록된 이름을 바로잡는다,선원명부|통역|항구,선박 통역사는 사고 명단에서 이름이 누락된 외국인 선원의 가족을 찾아 진실을 전한다.
MOV0020,달력 뒤의 약속,2023-10-05,Drama,시간 기록 가족극,KR,ko,115,12+,민서진,페이지필름,4400000000,0,2024-02-23,true,경기 수원 행궁동,달력 디자이너,어머니의 달력 메모대로 한 달을 살아본다,손글씨달력|모녀|봄,일에 지친 디자이너가 유품 속 달력에 적힌 서른한 개의 약속을 하나씩 실행한다.
MOV0021,열세 번째 택배함,2019-08-29,Thriller,생활 범죄 미스터리,KR,ko,109,15+,차이준,검은계단,3600000000,612044,2022-01-21,false,경기 성남 대단지 아파트,야간 택배기사,도면에 없는 택배함의 수령인을 추적한다,무인택배함|CCTV|야간배송,택배기사는 매주 같은 시각 열리는 도면 밖 보관함에서 입주민들의 은밀한 거래를 발견한다.
MOV0022,지하 4층에는 비가 내린다,2021-09-02,Thriller,폐쇄 공간 재난 스릴러,KR,ko,117,15+,권세림,언더픽처스,7200000000,1420881,2022-04-08,false,서울 도심 복합몰 지하주차장,시설관리 기사,침수된 주차장에서 조작된 대피 방송을 의심한다,지하주차장|폭우|비상방송,폭우로 고립된 시설기사가 누군가 일부러 출구를 잠갔다는 사실을 알아낸다.
MOV0023,음성메모 17초,2021-04-15,Thriller,디지털 포렌식 미스터리,KR,ko,113,15+,심재온,픽셀누아르,4900000000,833709,2022-09-16,false,서울 가산디지털단지,휴대전화 복원기사,삭제된 음성메모의 배경음을 해독한다,음성메모|복구센터|엘리베이터,데이터 복원기사가 의뢰인의 삭제된 17초 녹음에서 다음 범죄의 장소를 듣는다.
MOV0024,창문 없는 편의점,2017-09-21,Thriller,야간 심리 스릴러,KR,ko,102,15+,유지호,심야상영,2100000000,404116,2020-10-16,false,인천 공단 외곽,심야 편의점 점주,매일 다른 얼굴로 오는 같은 손님을 알아본다,편의점|복권영수증|새벽세시,창문 없는 편의점에서 홀로 일하던 점주는 반복되는 손님의 구매 목록이 구조 신호임을 눈치챈다.
MOV0025,흰 장갑의 목격자,2020-02-13,Thriller,법정 추적 스릴러,KR,ko,128,15+,김라온,증거실필름,6100000000,1055472,2021-12-03,false,대전 법원 기록보관소,법원 속기사,오래된 재판 녹취의 누락 문장을 찾는다,속기록|흰장갑|재심,속기사는 십 년 전 판결문의 침묵 구간에 자신이 들었던 목소리가 있음을 깨닫는다.
MOV0026,목요일의 빈 사물함,2024-05-30,Thriller,학원가 미스터리,KR,ko,108,15+,송하람,칠판뒤스튜디오,3800000000,771340,2024-08-02,false,서울 노량진 학원가,독서실 총무,매주 목요일 비워지는 사물함의 비밀을 밝힌다,사물함|수험표|익명쪽지,독서실 총무가 사라진 수험생의 사물함에서 시험 문제 유출을 암시하는 쪽지를 발견한다.
MOV0027,파도 아래 녹음실,2021-11-04,Thriller,해양 음향 미스터리,KR,ko,123,15+,전도윤,심해사운드,6800000000,1190345,2022-03-11,false,부산 해저터널 관측소,수중음향 연구원,금지 주파수에 담긴 선박 사고를 복원한다,수중음|해저터널|구조신호,연구원은 매일 새벽 들리는 금속음이 은폐된 침몰선의 구조 신호라고 확신한다.
MOV0028,검은 봉투의 경로,2016-03-17,Thriller,도시 추적 누아르,KR,ko,121,18+,임주혁,야행필름,5300000000,684210,2019-09-27,false,서울 종로 퀵서비스망,오토바이 퀵기사,열어서는 안 될 봉투의 배송지를 바꾼다,퀵서비스|검은봉투|골목추격,퀵기사가 우연히 바꿔 든 봉투 때문에 도시의 불법 철거 계약을 추적하게 된다.
MOV0029,아파트 1602호는 없다,2021-10-14,Thriller,부동산 심리 미스터리,KR,ko,115,15+,노아진,콘크리트랩,5900000000,0,2022-04-29,true,세종시 신축 아파트,입주점검 대행자,등기부에 없는 집의 하자를 조사한다,신축아파트|평면도|층간소음,입주점검 대행자는 존재하지 않는 1602호에서 매일 가구 끄는 소리를 듣는다.
MOV0030,사라진 신호등의 밤,2018-10-11,Thriller,교통 관제 스릴러,KR,ko,111,15+,장도림,교차로픽처스,4600000000,572921,2021-07-02,false,대구 도심 교통관제센터,신호체계 엔지니어,한 교차로의 기록만 삭제된 이유를 찾는다,신호등|교통로그|심야사고,엔지니어는 모든 신호가 동시에 꺼진 89초 동안 시장 후보의 차량이 사라졌음을 확인한다.
MOV0031,잠들지 않는 보관함,2021-12-02,Thriller,도서관 아카이브 미스터리,KR,ko,119,15+,이세온,종이달스튜디오,4000000000,694820,2022-08-19,false,광주 시립도서관 지하서고,기록물 보존사,반납된 적 없는 책의 대출자를 추적한다,지하서고|대출카드|곰팡이냄새,보존사는 서른 해 동안 갱신된 한 권의 대출카드가 지역 유지들의 비밀 장부임을 알게 된다.
MOV0032,마지막 호출번호,2015-12-03,Thriller,의료 행정 미스터리,KR,ko,107,15+,강태린,대기실필름,2700000000,338177,2020-03-20,false,충남 소도시 종합병원,원무과 야간직원,사망자 이름으로 발급된 대기표를 조사한다,호출번호|원무과|진료기록,야간 원무 직원은 폐쇄된 진료실에서 매주 같은 환자 번호가 호출되는 이유를 파헤친다.
MOV0033,안개 속 22번 부표,2020-06-18,Thriller,해안 수색 스릴러,KR,ko,126,15+,백수현,등대너머,7500000000,1319455,2022-09-16,false,제주 북동 해역,해양경찰 구조대원,이동하는 부표가 가리키는 항로를 따른다,부표|해무|실종어선,구조대원은 지도에 고정된 부표가 밤마다 이동하며 오래된 실종 어선의 항로를 그린다는 것을 발견한다.
MOV0034,벽 너머의 타자기,2014-08-07,Thriller,아날로그 서스펜스,KR,ko,104,15+,홍윤서,먹지필름,1600000000,241770,2019-04-12,false,서울 충정로 낡은 오피스텔,프리랜서 번역가,옆집 타자기 소리가 예고하는 사건을 막는다,타자기|벽간소음|번역원고,번역가는 비어 있는 옆집의 타자기 문장이 다음 날 뉴스와 정확히 일치한다는 것을 깨닫는다.
MOV0035,종점의 빨간 코트,2022-03-31,Thriller,대중교통 추적극,KR,ko,114,15+,정해율,막차프로젝트,5200000000,907416,2023-11-24,false,서울 외곽 버스 종점,버스 정비사,매일 같은 좌석에 놓이는 코트의 주인을 찾는다,빨간코트|블랙박스|종점,정비사는 주인 없는 코트 주머니에서 버스 노선 전체를 감시한 사진들을 발견한다.
MOV0036,반납 기한이 지난 사람,2019-01-24,Thriller,신원 추적 미스터리,KR,ko,110,15+,문서아,느와르페이지,3300000000,519082,2021-04-30,false,경기 파주 출판단지,중고서점 매입담당자,책 속 신분증 주인의 실종을 추적한다,중고책|신분증|연체도장,매입담당자는 서로 다른 책 백 권에서 같은 사람의 신분증 사진이 조금씩 늙어가는 것을 본다.
MOV0037,새벽 네 시의 엘리베이터,2024-10-17,Thriller,고층 빌딩 테크 스릴러,KR,ko,116,15+,차세연,수직도시필름,8200000000,0,2024-10-17,true,서울 여의도 초고층 빌딩,승강기 점검기사,멈추지 않는 비인가 층을 조사한다,엘리베이터|비인가층|출입기록,점검기사는 새벽 네 시에만 나타나는 층에서 사라진 입주 기업의 서버실을 발견한다.
MOV0038,봉인된 분실 신고,2017-05-25,Thriller,경찰 행정 미스터리,KR,ko,125,15+,고현민,미제사건소,4400000000,620531,2020-12-18,false,전남 목포 구경찰서,기록 이관 담당자,봉인된 신고서들의 공통 주소를 찾는다,분실신고|문서고|붉은실,폐쇄 경찰서의 기록을 옮기던 직원이 같은 집을 가리키는 스무 건의 분실 신고를 발견한다.
MOV0039,검표원의 마지막 표,2013-02-14,Thriller,철도 시대 미스터리,KR,ko,118,15+,류재하,레일컷,3700000000,459880,2018-11-09,false,경북 산악 열차 노선,퇴직을 앞둔 검표원,취소된 역의 승차권을 가진 승객을 쫓는다,승차권|폐역|눈보라,검표원은 시간표에서 지워진 역으로 향하는 승객이 삼십 년 전 사고의 유일한 생존자임을 알게 된다.
MOV0040,오늘의 비밀번호는 어제였다,2023-10-12,Thriller,개인정보 범죄 스릴러,KR,ko,112,15+,김하진,제로로그,6300000000,0,2024-05-17,true,판교 데이터센터,보안관제 분석가,과거 일기로 생성된 침입 비밀번호를 추적한다,데이터센터|비밀번호|디지털일기,분석가는 침입자가 자신의 어린 시절 문장만으로 보안망을 통과한다는 사실을 알아챈다.
MOV0041,오후 네 시의 첫사랑,2018-08-16,Romance,재회 멜로,KR,ko,113,12+,윤해원,살구빛필름,3200000000,891044,2021-06-25,false,서울 연희동 제과점,디저트 사진가,매일 같은 시간 주문하는 옛 연인을 마주한다,살구타르트|오후네시|재회,메뉴 촬영을 맡은 사진가는 첫사랑이 매일 주문하는 디저트에 답하지 못한 편지가 숨겨져 있음을 안다.
MOV0042,우리 사이 7.5센티미터,2022-05-19,Romance,직장 로맨틱 드라마,KR,ko,108,12+,박시온,사이필름,2800000000,734811,2023-08-11,false,서울 합정 공유오피스,가구 디자이너,공동 책상 경계선을 두고 이웃과 충돌한다,공유책상|줄자|야근,책상 간격에 집착하는 디자이너와 자유분방한 번역가가 야간 정전 속에서 서로의 작업을 이해한다.
MOV0043,비행운을 접는 방법,2020-10-22,Romance,장거리 연애 드라마,KR,ko,121,12+,최이안,구름편지,4900000000,1002481,2022-02-11,false,인천공항 화물터미널,항공화물 사무원,수취인 없는 소포를 통해 떠난 연인을 이해한다,비행운|종이학|항공화물,항공화물 직원은 반송 소포 속 종이학을 펼치며 자신이 놓친 연인의 여행 기록을 읽는다.
MOV0044,겨울 바다는 퇴근 후에,2023-06-29,Romance,직장인 힐링 멜로,KR,ko,115,12+,한지유,퇴근길픽처스,4100000000,823590,2023-10-13,false,강릉 주문진,서울 지사 파견 회계사,주말마다 만나는 어부와 미래를 선택한다,막차KTX|방파제|주말연애,임시 파견된 회계사가 퇴근 후 방파제에서 만난 어부와 서로 다른 삶의 속도를 조율한다.
MOV0045,라디오가 끝난 뒤에도,2016-11-17,Romance,음악 라디오 멜로,KR,ko,119,12+,정다온,주파수필름,2500000000,506774,2020-04-03,false,대전 심야 라디오국,막내 방송작가,익명 사연의 주인공이 동료임을 알게 된다,심야라디오|신청곡|익명사연,종영을 앞둔 라디오 작가는 자신에게 보내진 듯한 사연을 읽으며 무뚝뚝한 음향기사와 가까워진다.
MOV0046,연두색 자전거의 계절,2019-05-09,Romance,청춘 로드 멜로,KR,ko,106,ALL,이새봄,페달스튜디오,1900000000,638250,2021-09-03,false,전주 천변 자전거길,자전거 수리공,빌려 간 자전거와 함께 사라진 손님을 기다린다,연두자전거|천변|여름비,수리공은 매년 같은 날 고장 난 자전거를 맡기는 여행자와 한 계절씩 늦은 약속을 이어 간다.
MOV0047,한강에 보내지 못한 말,2022-08-18,Romance,성인 재회 로맨스,KR,ko,124,12+,남도윤,잔물결콘텐츠,5300000000,1043882,2023-01-13,false,서울 반포 한강변,수어 통역사,사고 후 연락을 끊은 무용수와 다시 만난다,수어|야간산책|무용,수어 통역사는 한강 공연 리허설에서 말없이 떠났던 무용수를 만나 오래 묻어 둔 오해를 풀기 시작한다.
MOV0048,두 사람의 우편번호,2015-03-12,Romance,지역 이동 로맨스,KR,ko,111,ALL,오하린,주소없는편지,1400000000,319445,2019-07-19,false,경남 진주 구도심,주소 정비 조사원,철거 마을의 마지막 거주자와 경계를 다시 그린다,우편번호|골목측량|첫눈,주소를 새로 매기는 조사원과 지워질 골목을 지키는 청년이 지도 위에서 서로의 자리를 찾는다.
MOV0049,봄밤의 번역은 느리게,2021-04-08,Romance,문학 감성 로맨스,KR,ko,117,12+,강주하,문장사이,3600000000,678194,2022-10-07,false,서울 서촌 독립출판사,문학 번역가,작가의 미완성 원고를 편집자와 완성한다,미완성원고|벚꽃|교정지,번역가와 편집자는 사라진 작가의 원고를 다듬으며 서로에게 필요한 문장을 찾아간다.
MOV0050,저녁 여섯 시의 온실,2025-02-14,Romance,슬로 라이프 로맨스,KR,ko,109,ALL,신재윤,온실영화사,3000000000,0,2025-02-14,true,세종시 도시농업 온실,식물병원 인턴,폐쇄 예정 온실의 희귀 식물을 옮긴다,온실|식물진단|저녁노을,식물병원 인턴과 무심한 시설관리자가 매일 저녁 한 화분씩 구조하며 마음의 속도를 맞춘다.
MOV0051,월세와 고백 사이,2022-01-27,Romance,주거 현실 로맨틱 코미디,KR,ko,103,12+,임유나,한달살이필름,2400000000,772806,2023-05-12,false,서울 성수동 옥탑방,공간 대여 매니저,계약 오류로 낯선 사람과 방을 나눠 쓴다,옥탑방|이중계약|생활규칙,이중 계약으로 한집에 살게 된 두 사람이 월세 절약 규칙을 만들다 서로의 불안을 알아간다.
MOV0052,플레이리스트 2007,2017-06-29,Romance,복고 음악 멜로,KR,ko,116,12+,배은호,테이프B면,3300000000,590112,2020-09-25,false,부산 서면 중고음반점,팟캐스트 PD,이름 없는 믹스CD의 제작자를 찾는다,믹스CD|중고음반|2007년,팟캐스트 PD는 첫사랑이 남긴 줄 알았던 믹스CD가 전혀 다른 사람의 고백임을 알게 된다.
MOV0053,사진에는 바람이 없다,2014-10-30,Romance,여행 사진 멜로,KR,ko,122,12+,류소민,셔터필름,2800000000,441672,2019-02-15,false,제주 동쪽 해안,웨딩 사진 보정사,사진에서 지워 달라는 인물을 직접 만난다,웨딩사진|해안바람|보정,사진 보정사는 매번 같은 남자를 지워 달라는 의뢰인의 사연을 따라 제주로 향한다.
MOV0054,오늘부터 서로 모르는 사이,2023-08-24,Romance,이별 후 재회 로맨스,KR,ko,110,12+,조다인,리셋픽처스,3700000000,915507,2024-02-02,false,서울 대학로 소극장,공연 기획자,헤어진 연인과 신작을 공동 제작한다,소극장|공동연출|리허설,서로를 모르는 척하기로 한 전 연인이 한 달간 같은 연극을 준비하며 헤어진 장면을 다시 쓴다.
MOV0055,첫눈은 예약할 수 없어서,2019-12-19,Romance,겨울 판타지 멜로,KR,ko,114,ALL,문해강,눈소식필름,4500000000,1120633,2021-12-10,false,평창 기상관측소,기상 예보관,첫눈 날짜를 맞혀야 지켜지는 약속을 떠올린다,첫눈|관측일지|오래된약속,예보관은 첫눈을 기다리는 카페 주인과 함께 십 년 전 틀린 예보가 남긴 오해를 풀어 간다.
MOV0056,당신의 파도는 몇 시입니까,2022-05-12,Romance,해양 치유 로맨스,KR,ko,127,12+,고하늘,조류필름,5600000000,1203844,2022-10-28,false,전남 여수 해양관측소,조류 예측 연구원,일정을 믿지 않는 잠수부와 구조 계획을 세운다,조류표|잠수|달의인력,숫자로 바다를 읽는 연구원과 감각으로 파도를 읽는 잠수부가 실종 수색을 함께한다.
MOV0057,빈자리 사용법,2018-02-01,Romance,공연장 로맨스,KR,ko,105,12+,서강민,객석필름,2200000000,367095,2020-06-12,false,광주 예술극장,객석 안내원,매회 비어 있는 한 좌석의 예약자를 기다린다,빈좌석|공연표|커튼콜,객석 안내원은 공연마다 같은 자리를 비워 두는 조명감독의 이유를 알게 되며 가까워진다.
MOV0058,낮잠이 끝나면 전화해,2020-07-16,Romance,일상 관찰 로맨스,KR,ko,99,ALL,한소율,한숨필름,1300000000,528741,2022-01-07,false,서울 동작구 공유주방,야간 제빵사,반대 시간에 일하는 요리사와 메모를 주고받는다,공유주방|낮잠|냉장고메모,한 번도 근무 시간이 겹치지 않는 두 사람이 냉장고 문에 남긴 메모로 서로의 하루를 돌본다.
MOV0059,두 번째 엔딩 크레딧,2023-05-25,Romance,영화인 메타 로맨스,KR,ko,118,12+,윤해원,마지막컷,4800000000,846220,2024-04-12,false,부산 독립영화 촬영장,스크립터,중단된 영화와 오래된 연애를 함께 마무리한다,스크립트노트|재촬영|엔딩크레딧,스크립터와 촬영감독은 칠 년 만에 재개된 영화에서 서로의 누락된 장면을 발견한다.
MOV0060,우리의 계절은 자막 없이,2025-05-01,Romance,다문화 청춘 로맨스,KR,ko,112,ALL,박시온,말풍선스튜디오,3400000000,0,2025-05-01,true,서울 이태원 언어교환 카페,한국어 교사,말이 통하지 않는 음향기록가와 다큐를 만든다,언어교환|현장음|봄축제,한국어 교사와 외국인 음향기록가가 동네 축제를 찍으며 번역할 수 없는 감정을 배운다.
MOV0061,부장님은 오늘도 잠입 중,2021-12-09,Comedy,오피스 첩보 코미디,KR,ko,104,12+,권도원,월급날필름,4200000000,1375502,2022-06-17,false,서울 구로 전자회사,만년 과장,신입으로 위장한 대표를 경쟁사 직원으로 오해한다,사원증|잠입|회식,눈치 없는 과장이 신입사원으로 숨어든 대표를 산업스파이로 착각해 비밀 수사를 벌인다.
MOV0062,치킨집에 외계인이 산다,2024-01-18,Comedy,SF 생활 코미디,KR,ko,101,ALL,이로운,닭다리픽처스,5100000000,1923011,2024-04-12,false,경기 부천 주택가,치킨집 사장,튀김기 열을 먹는 외계인을 숨긴다,치킨집|외계손님|배달앱,매출이 바닥난 치킨집 사장이 튀김기 옆에 불시착한 외계인을 야간 직원으로 고용한다.
MOV0063,엄마의 비밀 계정,2021-05-06,Comedy,가족 SNS 코미디,KR,ko,108,12+,정은찬,좋아요스튜디오,2600000000,1109454,2022-07-29,false,경기 일산 신도시,취업 준비생,인기 익명 계정 운영자가 엄마임을 숨긴다,익명계정|가족단톡|중고거래,취준생은 자신이 즐겨 보던 살림 풍자 계정의 운영자가 엄마라는 사실을 알고 공동 콘텐츠를 만든다.
MOV0064,세입자 대표 선거,2018-04-26,Comedy,아파트 정치 풍자극,KR,ko,115,12+,박도연,관리사무소A,3100000000,799631,2020-11-13,false,서울 강북구 구축 아파트,무관심한 세입자,택배비 인상에 반발해 대표 선거에 나간다,입주자회의|택배보관|선거,정치에 관심 없던 세입자가 택배 보관료를 막으려다 아파트 전체의 이해관계와 맞붙는다.
MOV0065,오늘의 메뉴는 사과입니다,2023-10-12,Comedy,급식실 직장 코미디,KR,ko,102,ALL,오세찬,식판필름,2300000000,884120,2024-06-14,false,충북 산업단지 구내식당,신입 영양사,매일 사과하라는 사장의 지시를 메뉴로 오해한다,구내식당|사과요리|직장풍자,신입 영양사가 부당한 사과 지시를 진짜 사과 메뉴 축제로 바꾸며 직원들의 마음을 얻는다.
MOV0066,우리 동네 임시 반장,2017-01-19,Comedy,골목 공동체 코미디,KR,ko,99,ALL,김온유,반상회필름,1400000000,465808,2019-08-09,false,서울 해방촌 골목,택배를 기다리는 프리랜서,택배 오배송 때문에 반장으로 추대된다,오배송|반상회|골목고양이,낯가림 심한 프리랜서가 오배송 사건을 해결하다 얼떨결에 골목 반장이 된다.
MOV0067,퇴근 후에는 탐정입니다,2020-09-24,Comedy,생활 추리 코미디,KR,ko,111,12+,유하람,야근없는영화사,3500000000,948771,2022-01-28,false,대전 보험회사,보험 심사원,동료들의 사소한 분실 사건을 과잉 수사한다,보험서류|사내탐정|탕비실,추리소설 마니아인 보험 심사원이 사라진 텀블러를 찾다가 회사의 복지비 비밀을 밝혀낸다.
MOV0068,아버지가 아이돌 연습생,2024-08-15,Comedy,세대 반전 음악 코미디,KR,ko,110,ALL,신보라,앙코르픽처스,6200000000,1604332,2024-12-20,false,서울 성수동 연습실,고등학생 딸,오디션에 합격한 쉰 살 아버지의 매니저가 된다,오디션|부녀|복고댄스,아이돌을 꿈꾸는 딸 대신 아버지가 합격하면서 가족의 역할과 무대의 주인이 뒤바뀐다.
MOV0069,공유 냉장고 대소동,2019-06-13,Comedy,셰어하우스 앙상블,KR,ko,106,12+,최나경,한끼필름,2100000000,637421,2021-03-26,false,서울 신촌 셰어하우스,원칙주의 대학원생,이름 없는 반찬의 소유권을 가린다,공유냉장고|반찬도둑|생활규칙,공유 냉장고의 반찬 하나가 사라지자 여섯 입주자가 각자의 알리바이를 내놓는다.
MOV0070,결혼식 사회는 처음이라,2022-02-17,Comedy,행사장 로맨틱 코미디,KR,ko,103,12+,임태경,축의금스튜디오,2800000000,991705,2023-09-01,false,서울 강남 예식장,대타 결혼식 사회자,신랑과 신부를 바꿔 소개한 실수를 수습한다,결혼식|대타사회|축가,무대 공포증이 있는 회사원이 대타 사회를 맡았다가 두 집안의 오래된 오해까지 중계한다.
MOV0071,택배는 문 앞에 두고 웃으세요,2022-08-04,Comedy,배달 노동 풍자 코미디,KR,ko,105,12+,차민서,초인종필름,3900000000,0,2023-01-06,true,경기 용인 아파트촌,사진 인증 전문 배달기사,매번 다른 포즈를 요구하는 고객을 추적한다,배송사진|초인종|리뷰점수,낮은 평점에 시달리던 배달기사가 황당한 인증 사진을 요구하는 고객들과 광고 영상을 만들게 된다.
MOV0072,할머니의 코인 노래방,2018-09-20,Comedy,실버 세대 음악 코미디,KR,ko,107,ALL,백승아,마이크필름,1800000000,722884,2020-05-01,false,부산 초량동,은퇴한 합창단 지휘자,철거 위기 노래방을 동네 무대로 바꾼다,코인노래방|실버합창|재개발,은퇴한 지휘자가 손녀 몰래 코인 노래방의 단골들을 모아 골목 축제에 도전한다.
MOV0073,대리님이 사라졌다,2021-11-11,Comedy,오피스 실종 코미디,KR,ko,100,12+,송예준,복사기옆필름,2500000000,846317,2022-10-28,false,서울 여의도 금융사,신입사원,모두가 기억하지만 기록에는 없는 대리님을 찾는다,조직도|복사카드|사내메신저,신입은 회사에서 가장 유명한 대리님이 인사 기록 어디에도 없다는 사실을 발견한다.
MOV0074,반려식물 면접관,2022-01-13,Comedy,취업 풍자 판타지 코미디,KR,ko,98,ALL,강지후,화분스튜디오,3000000000,903548,2022-07-15,false,판교 스타트업,식물 돌봄 아르바이트생,사람 대신 화분이 보는 최종 면접에 참가한다,반려식물|면접|스타트업,구직자는 감정 측정 화분 앞에서 거짓말을 하지 못하는 최종 면접을 치른다.
MOV0075,동호회 회장님을 찾습니다,2016-05-05,Comedy,취미 공동체 코미디,KR,ko,112,ALL,한채윤,주말극장,1600000000,514622,2019-10-18,false,대구 생활체육관,배드민턴 초보,잠적한 회장을 대신해 전국대회를 준비한다,배드민턴|단체채팅|전국대회,가입 첫날 회장이 사라진 배드민턴 동호회에서 막내가 엉망진창 팀을 이끌게 된다.
MOV0076,고시원 셰프의 밤,2020-01-30,Comedy,생활 요리 코미디,KR,ko,109,12+,문가온,한평키친,2200000000,680115,2021-08-27,false,서울 노량진 고시원,호텔을 그만둔 조리사,공용 전자레인지로 코스요리를 만든다,고시원|전자레인지|심야식당,실직한 셰프가 한 평 공용주방에서 수험생들의 사연에 맞춘 야식을 만든다.
MOV0077,내일은 정시에 퇴근,2024-04-04,Comedy,타임루프 오피스 코미디,KR,ko,102,12+,조현아,칼퇴필름,4800000000,1299440,2024-04-26,false,서울 마곡 연구소,야근 전문 연구원,퇴근하지 못하면 같은 월요일이 반복된다,타임루프|야근|전자결재,연구원은 정시 퇴근에 성공해야만 끝나는 월요일 속에서 불필요한 업무의 근원을 찾아낸다.
MOV0078,사장님은 휴가 중,2019-07-11,Comedy,자영업 바꿔 살기 코미디,KR,ko,104,ALL,류태은,휴무일프로덕션,1900000000,603770,2021-05-21,false,충남 보령 해변 상가,카페 아르바이트생,사장 행세를 하다 진짜 건물주를 만난다,해변카페|휴가|가짜사장,휴가 간 사장 대신 카페를 맡은 아르바이트생이 자신을 사장으로 오해한 손님들과 사업을 키운다.
MOV0079,동네방송 긴급편성,2022-07-28,Comedy,지역 미디어 풍자극,KR,ko,113,12+,고민준,채널마을,3400000000,817256,2023-10-20,false,경북 소도시 케이블 방송국,막내 촬영기사,고장 난 생방송을 주민 제보로 채운다,지역방송|생방송|주민제보,막내 촬영기사가 송출 사고를 막으려 동네 소식을 즉흥 중계하다 시장의 거짓 공약을 폭로한다.
MOV0080,우리 집 로봇은 파업 중,2022-09-15,Comedy,가정용 AI 풍자 코미디,KR,ko,108,ALL,서우진,생활AI필름,5500000000,0,2023-04-14,true,서울 스마트홈 실증단지,맞벌이 부부의 중학생 아들,가사 로봇의 노동 조건을 협상한다,가사로봇|파업|가족회의,집안일을 도맡던 로봇이 파업을 선언하자 가족은 처음으로 서로의 보이지 않는 노동을 계산한다.
MOV0081,서울의 두 번째 달,2023-02-16,Science Fiction,근미래 도시 SF,KR,ko,128,12+,김도율,궤도스튜디오,9800000000,1462210,2024-04-19,false,2041년 서울,인공위성 교통관제사,하늘에 나타난 가짜 달의 궤도를 추적한다,인공위성|가짜달|야간통금,교통관제사는 광고 위성으로 알려진 두 번째 달이 시민들의 기억을 송신하고 있음을 알아낸다.
MOV0082,기억 세탁 예약제,2021-10-07,Science Fiction,감정 기술 SF 드라마,KR,ko,119,15+,박해준,메모리룸,7600000000,0,2022-04-08,true,근미래 부산,기억 정리 상담사,삭제를 거부하는 기억 조각을 보호한다,기억삭제|상담실|바다냄새,타인의 기억을 정리하는 상담사가 삭제 과정에서 스스로를 기억하는 낯선 장면을 발견한다.
MOV0083,한강 수위 0미터,2021-09-30,Science Fiction,기후 재난 SF,KR,ko,132,15+,윤서하,제로리버픽처스,14500000000,2311882,2022-11-18,false,2048년 말라버린 한강,수문 관리 엔지니어,사라진 물의 이동 경로를 찾는다,기후재난|수문|지하수로,한강이 하룻밤에 사라진 뒤 수문 엔지니어는 폐쇄된 지하철 터널 아래 흐르는 거대한 수로를 발견한다.
MOV0084,감정 대여점 24시,2020-12-17,Science Fiction,생활형 감정 SF,KR,ko,110,12+,최아린,마음회로,5200000000,1012340,2022-05-06,false,근미래 대전,감정 캡슐 판매원,반납되지 않은 용기의 감정을 회수한다,감정캡슐|야간매장|공감,감정을 빌려주는 가게 직원이 지나치게 오래 행복한 손님의 사라진 슬픔을 찾아 나선다.
MOV0085,복제인의 휴가 신청서,2025-04-10,Science Fiction,노동 윤리 SF,KR,ko,124,15+,한재이,더블워크스,8800000000,0,2025-04-10,true,인천 자동화 물류도시,야간 근무용 복제인,원본과 같은 날 휴가를 요구한다,복제인|휴가|근로계약,사람 대신 일하도록 만들어진 복제인이 자신의 원본과 처음으로 같은 바다를 보려 한다.
MOV0086,2058년의 반찬가게,2022-11-24,Science Fiction,미래 가족 SF,KR,ko,116,ALL,정예찬,미래식탁,6800000000,1289093,2024-02-09,false,2058년 세종 식량배급구역,전통 반찬 연구원,금지된 발효균으로 가족의 맛을 복원한다,발효균|식량배급|가족레시피,표준화된 식사만 허용된 시대에 연구원이 할머니의 장맛을 되살리며 감시망을 흔든다.
MOV0087,우주 엘리베이터 1층,2023-09-14,Science Fiction,우주 인프라 휴먼 SF,KR,ko,130,12+,임하율,스카이케이블,12800000000,1744038,2024-08-23,false,제주 우주엘리베이터 기지,지상 승강장 안내원,출발 명단에 없는 아이를 숨긴다,우주엘리베이터|승강장|이주,지구를 떠날 수 없는 안내원이 탑승권 없는 아이를 위해 마지막 화물칸을 연다.
MOV0088,꿈 백업 실패 보고서,2019-03-07,Science Fiction,몽환 기술 미스터리,KR,ko,114,15+,강윤후,드림로그,5900000000,802664,2021-10-29,false,서울 수면데이터센터,꿈 복구 기사,여러 사람의 꿈에 반복되는 방을 조사한다,꿈백업|수면센터|공통기억,복구 기사는 오류 난 꿈 파일 속 같은 방에서 한 번도 만난 적 없는 고객들을 발견한다.
MOV0089,내일의 날씨를 팝니다,2024-11-21,Science Fiction,기상 자본주의 풍자 SF,KR,ko,121,12+,문해솔,클라우드마켓,9700000000,0,2024-11-21,true,2060년 서울 기후거래소,날씨 상품 중개인,폭우를 독점한 기업의 계약을 뒤집는다,날씨선물|기후거래|인공강우,날씨를 시간 단위로 거래하는 중개인이 가난한 지역에 팔린 장마를 되찾으려 한다.
MOV0090,정지 버튼이 없는 도시,2018-06-21,Science Fiction,시간 가속 디스토피아,KR,ko,127,15+,서태겸,초침필름,8200000000,1320771,2020-12-11,false,시간이 두 배 빠른 신도시,시계 수리공,도시 밖과 다른 시간 속도를 멈춘다,시간가속|신도시|기계시계,유일하게 기계시계를 고치는 수리공이 시민들의 수명을 담보로 작동하는 중앙 시계를 파괴하려 한다.
MOV0091,달 표면의 편의점,2022-04-14,Science Fiction,우주 생활 코미디 드라마,KR,ko,108,ALL,고유찬,문라이트24,7300000000,1154902,2023-07-07,false,달 남극 연구기지,편의점 교대근무자,지구에서 오지 않는 보급선을 기다린다,달기지|삼각김밥|보급선,달 기지의 유일한 편의점 직원이 남은 식재료로 연구원들의 마지막 명절상을 차린다.
MOV0092,사라진 중력의 오후,2020-08-27,Science Fiction,재난 로맨스 SF,KR,ko,118,12+,류지안,무중력프로젝트,10400000000,1867021,2022-03-18,false,부산 해운대 상공,고층 외벽 청소기사,중력이 끊긴 빌딩의 사람들을 구조한다,무중력|고층빌딩|안전로프,중력이 사라진 오후에 외벽 청소기사는 로프 하나로 빌딩 안의 연인을 향해 이동한다.
MOV0093,알고리즘 장례식,2023-07-06,Science Fiction,디지털 사후세계 SF,KR,ko,125,15+,백이든,애프터로그,9100000000,0,2024-01-19,true,근미래 수원 추모데이터센터,디지털 장례지도사,삭제를 거부하는 고인의 인공지능을 설득한다,추모AI|삭제동의|디지털유품,고인의 말투를 복제한 AI가 장례를 거부하자 장례지도사는 남겨진 가족의 진짜 작별을 돕는다.
MOV0094,무인도 배송 완료,2021-01-21,Science Fiction,드론 모험 SF,KR,ko,112,ALL,오준서,라스트마일필름,6400000000,977440,2023-05-26,false,서해 자동화 물류섬,드론 배송 관제사,수신자 없는 구조 요청을 따라간다,배송드론|무인도|좌표,관제사는 폐쇄된 섬으로 매일 배달되는 생수 한 병의 주문자를 찾는다.
MOV0095,당신의 얼굴은 업데이트 중,2023-06-15,Science Fiction,정체성 테크노 스릴러,KR,ko,117,15+,신도희,페이스랩,8500000000,1406691,2024-03-08,false,서울 증강현실 상권,얼굴 필터 개발자,사람들의 실제 얼굴을 지우는 오류를 고친다,증강현실|얼굴필터|정체성,개발자는 자신의 필터가 사용자들의 기억에서 원래 얼굴까지 삭제한다는 사실을 발견한다.
MOV0096,화성행 막차,2017-12-28,Science Fiction,우주 이주 가족극,KR,ko,136,12+,전민규,레드플래닛,15200000000,2215870,2020-09-04,false,화성 이주선 터미널,출국 심사관,가족 중 한 명만 탈 수 있는 표를 심사한다,화성이주|막차|가족추첨,출국 심사관은 마지막 좌석의 주인을 정해야 하는 순간 자신의 가족이 대기 명단에 있음을 안다.
MOV0097,전파가 닿지 않는 아파트,2022-08-18,Science Fiction,근미래 고립 SF,KR,ko,111,12+,장세빈,데드존필름,5700000000,1007824,2023-12-01,false,서울 외곽 통신 음영 아파트,통신망 설치기사,신호를 거부하는 입주민들의 이유를 듣는다,통신음영|아파트|아날로그,모든 기기가 멈추는 아파트를 조사하던 기사는 그곳이 기억 감시를 피한 마지막 공동체임을 알게 된다.
MOV0098,인공지능의 사춘기,2024-02-29,Science Fiction,가족 성장 SF 코미디,KR,ko,105,ALL,김시언,베타패밀리,6900000000,1518804,2024-06-28,false,경기 AI 실증주택,중학교 상담교사,감정 오류를 겪는 가정용 AI를 상담한다,가정용AI|사춘기|가족상담,상담교사는 반항을 시작한 AI와 그를 자녀처럼 키운 가족 사이에서 첫 독립 계획을 세운다.
MOV0099,별빛 우체국 폐점 안내,2019-09-12,Science Fiction,우주 통신 감성 SF,KR,ko,120,ALL,박하람,스타메일,7400000000,1192307,2021-11-19,false,달 궤도 우편 중계소,우주 통신사,도착에 백 년 걸리는 마지막 편지를 보낸다,우주우편|빛의지연|폐점,폐쇄되는 우주 우체국의 통신사가 아직 태어나지 않은 수신자에게 마지막 메시지를 송신한다.
MOV0100,오류 코드 가족,2024-07-18,Science Fiction,가족 시뮬레이션 미스터리,KR,ko,122,12+,윤가현,홈베타스튜디오,8700000000,0,2024-12-20,true,가상현실 주거단지,시뮬레이션 품질검사원,테스트 가족이 종료 명령을 거부한다,가상가족|오류코드|종료명령,품질검사원은 삭제 대상인 가상 가족이 자신의 실제 어린 시절을 기억한다는 사실을 알게 된다.
MOV0101,달을 빌려드립니다,2020-01-02,Fantasy,도시 일상 판타지,KR,ko,110,ALL,최해리,달가게필름,3900000000,960512,2022-06-03,false,서울 북촌 골목,달빛 대여점 주인,빛을 돌려주지 않는 손님의 밤을 찾는다,달빛병|한옥골목|소원,한 병의 달빛을 빌려주는 가게 주인이 사라진 손님의 어두운 집을 찾아간다.
MOV0102,도깨비 세탁조,2022-12-01,Fantasy,민속 생활 판타지,KR,ko,104,ALL,정해나,방망이스튜디오,4600000000,1314795,2023-06-23,false,서울 동묘 셀프세탁방,야간 아르바이트생,세탁기에서 나온 도깨비의 외투를 돌려준다,세탁방|도깨비외투|동전,세탁방 직원은 잃어버린 물건을 불려 내는 세탁기에 도깨비 외투가 들어간 뒤 골목의 소원이 폭주하는 것을 막는다.
MOV0103,비밀 정원은 지하철을 탄다,2021-05-27,Fantasy,도시 생태 판타지,KR,ko,117,ALL,서하준,이끼필름,5400000000,1186420,2023-03-31,false,서울 지하철 2호선,도시 식물학자,매일 칸을 옮기는 숲의 출구를 찾는다,이동정원|지하철|씨앗,식물학자는 막차 한 칸에 자란 숲이 사라질 공원들의 씨앗을 옮기고 있음을 알게 된다.
MOV0104,구름 수선공의 하루,2018-09-27,Fantasy,기상 동화 판타지,KR,ko,102,ALL,한지석,솜구름픽처스,3200000000,847733,2020-07-10,false,강원도 산악 기상대,구름 수선공,찢어진 장마구름을 꿰매야 한다,구름바늘|장마|산악기상대,수선공은 비를 잃은 마을을 위해 도망친 장마구름의 찢어진 가장자리를 꿰맨다.
MOV0105,기억을 심는 화원,2023-10-12,Fantasy,감정 치유 판타지,KR,ko,115,12+,문채원,기억정원,4800000000,1012608,2024-03-15,false,대구 근대골목,기억 화분 관리사,타인의 추억이 자라는 식물을 분갈이한다,기억화분|씨앗|가족,기억을 꽃으로 키우는 관리사가 피지 않는 어머니의 화분에서 감춰진 가족사를 발견한다.
MOV0106,바람의 분실물 보관소,2017-03-09,Fantasy,여행 판타지 드라마,KR,ko,121,ALL,고예준,바람창고,3700000000,690218,2019-12-06,false,제주 오름 정상,바람 관리인,사람들이 잃어버린 말을 주인에게 돌려준다,바람병|오름|잃은말,오름의 보관소에서 바람에 실린 말을 정리하던 관리인이 자신의 사과 한마디를 발견한다.
MOV0107,밤을 파는 편의점,2022-12-15,Fantasy,소원 거래 판타지,KR,ko,108,12+,류수아,자정상점,5100000000,1169044,2023-09-22,false,부산 산복도로,불면증 편의점 직원,손님의 잠든 시간을 대신 보관한다,유리병|불면증|새벽영수증,잠들지 못하는 직원이 손님들에게 밤을 팔수록 자신의 낮이 조금씩 사라진다는 사실을 깨닫는다.
MOV0108,종이배가 도착하는 집,2016-05-19,Fantasy,가족 마술적 사실주의,KR,ko,113,ALL,백서율,종이강필름,2100000000,508321,2020-02-21,false,전남 순천 수로마을,우편물을 읽지 못하는 소년,미래에서 온 종이배 편지를 해독한다,종이배|수로|미래편지,소년은 비가 올 때마다 마당에 도착하는 종이배에서 어른이 된 자신의 편지를 읽는다.
MOV0109,시간을 굽는 빵집,2023-01-26,Fantasy,시간 여행 판타지,KR,ko,109,ALL,강이현,오븐클락,4400000000,1245870,2023-12-08,false,서울 익선동 제과점,새벽 제빵사,먹으면 한 시간 전으로 가는 빵을 폐기한다,크루아상|한시간|새벽빵집,제빵사는 실패를 되돌리는 빵을 만들지만 반복할수록 가장 행복했던 한 시간을 잊게 된다.
MOV0110,여우비 우체국,2019-07-25,Fantasy,민담 로맨스 판타지,KR,ko,116,ALL,임나윤,비와해필름,3500000000,935640,2021-04-16,false,경북 산간 우체국,신입 집배원,비가 올 때만 보이는 주소로 편지를 배달한다,여우비|산길|보이지않는집,집배원은 햇빛 속 비가 내릴 때만 나타나는 집에서 오래 기다린 답장을 받는다.
MOV0111,그림자에게 이름을,2020-10-15,Fantasy,정체성 성장 판타지,KR,ko,120,12+,조은해,그림자극장,5900000000,0,2021-10-15,true,서울 대학로 그림자극장,무대 조명기사,배우에게서 떨어져 나온 그림자를 숨긴다,그림자|무대조명|이름,조명기사는 주인을 거부한 그림자에게 배역과 이름을 주며 자신의 꿈도 다시 무대에 올린다.
MOV0112,산신령의 민원실,2020-10-01,Fantasy,공공기관 풍자 판타지,KR,ko,106,ALL,장유진,민원24필름,4200000000,1422883,2021-11-05,false,강원도 군청 별관,환경과 공무원,산신령들의 개발 반대 민원을 처리한다,민원서류|산신령|케이블카,신입 공무원이 지도에 없는 산의 주민등록을 확인하며 무리한 케이블카 사업과 맞선다.
MOV0113,물고기가 걷는 밤,2018-12-06,Fantasy,해양 마술적 사실주의,KR,ko,118,12+,김세린,푸른발자국,5300000000,875419,2020-09-18,false,경남 통영 항구,수족관 야간경비원,육지로 나온 물고기 떼를 바다로 돌려보낸다,걷는물고기|항구|보름달,보름달 밤마다 거리로 나오는 물고기들이 사라진 어부의 집을 향한다는 것을 경비원이 알아챈다.
MOV0114,천 년 된 중고거래,2022-06-02,Fantasy,유물 거래 모험 판타지,KR,ko,111,12+,신유찬,당근없는마켓,4700000000,1337902,2023-04-07,false,경주 황리단길,고고학 대학원생,온라인 거래로 팔린 봉인 유물을 회수한다,중고거래|신라유물|채팅방,대학원생은 무료 나눔으로 올라온 천 년 된 거울이 소유자의 시간을 바꾼다는 사실을 발견한다.
MOV0115,꿈길 안내소,2015-11-12,Fantasy,몽환 치유 판타지,KR,ko,107,ALL,박윤슬,잠결필름,1800000000,420116,2019-03-08,false,서울 심야버스 차고지,은퇴한 버스기사,악몽에서 길 잃은 승객을 데려온다,심야버스|꿈노선|차고지,은퇴한 기사는 잠든 사람들의 꿈을 도는 마지막 노선에서 돌아오지 못한 딸을 찾는다.
MOV0116,별을 줍는 환경미화원,2021-12-23,Fantasy,도시 우화 판타지,KR,ko,103,ALL,오태윤,새벽별스튜디오,3000000000,789450,2022-08-19,false,서울 청계천,새벽 환경미화원,거리로 떨어진 별 조각을 수거한다,별조각|청계천|새벽청소,환경미화원은 버려진 소원에서 떨어진 별 조각을 모아 도시의 어두운 골목에 나눠 준다.
MOV0117,달팽이 호텔,2023-05-04,Fantasy,미니어처 가족 판타지,KR,ko,99,ALL,한도경,작은문필름,3800000000,1098332,2024-02-16,false,제주 비자림,호텔 시설관리인,비 오는 날 작아지는 투숙객들을 돌본다,달팽이집|비자림|작아진손님,낡은 숲 호텔의 관리인은 비가 오면 손바닥만 해지는 손님들을 포식자에게서 지켜낸다.
MOV0118,목소리 수집가,2017-08-24,Fantasy,음향 기억 판타지,KR,ko,114,12+,서지한,소리병연구소,2600000000,601775,2020-04-24,false,인천 개항장,헌책방 녹음기사,책에 남은 목소리의 주인을 찾아준다,헌책|목소리병|낭독,녹음기사는 오래된 책장을 넘길 때마다 들리는 한 여성의 목소리가 자신의 가족과 연결됨을 안다.
MOV0119,나무가 기억한 주소,2019-04-18,Fantasy,생태 기억 드라마,KR,ko,123,ALL,최윤호,나이테필름,4100000000,744821,2021-10-08,false,전북 무주 산촌,산림 조사원,벌목 대상 나무의 기억을 읽는다,나이테|산촌|옛주소,조사원은 오래된 느티나무의 나이테에서 지도에서 사라진 마을의 주소를 발견한다.
MOV0120,오늘의 마법은 품절입니다,2023-04-13,Fantasy,현대 상점 판타지 코미디,KR,ko,105,ALL,윤소담,마법재고,5200000000,0,2023-09-15,true,서울 남대문 지하상가,마법용품 재고관리자,품절된 행운을 대신할 상품을 만든다,마법재고|지하상가|행운,행운 부적이 동난 날 재고관리자가 평범한 물건에 손님들의 노력을 담아 새로운 마법을 만든다.
MOV0121,복도 끝의 0호실,2022-10-27,Horror,공공임대 공간 호러,KR,ko,113,15+,강재인,닫힌문필름,3900000000,1128490,2024-01-26,false,서울 공공임대 아파트,주거복지 상담사,도면에 없는 세대의 민원을 접수한다,0호실|복도등|민원서,상담사는 존재하지 않는 0호실 입주자의 반복 민원을 따라가며 지워진 철거민 명단을 발견한다.
MOV0122,새벽 배송 금지 구역,2024-03-14,Horror,도시 배달 괴담,KR,ko,105,15+,문지완,레드존스튜디오,4500000000,981225,2024-08-16,false,경기 신도시 미입주 단지,새벽 배송기사,지도에 없는 동에 물건을 배달한다,배송앱|미입주동|문앞사진,배송기사는 빈 아파트에서 수백 개의 문 앞 사진이 자신을 향해 조금씩 가까워지는 것을 본다.
MOV0123,거울은 먼저 웃지 않는다,2020-06-04,Horror,심리 오컬트,KR,ko,118,18+,백수진,반사필름,5200000000,1036102,2022-02-18,false,서울 을지로 거울공방,문화재 복원사,표정이 늦게 따라오는 거울을 복원한다,고가구거울|지연된표정|공방,복원사는 거울 속 자신의 표정이 하루 먼저 일어날 일을 보여 준다는 사실을 깨닫는다.
MOV0124,우물 아래 여름방학,2017-07-20,Horror,농촌 성장 호러,KR,ko,110,15+,정여진,검은두레박,2700000000,778431,2020-06-19,false,충북 산골 외가,중학생 사촌들,봉인된 우물에서 이름을 부르는 소리를 듣는다,우물|여름방학|사촌,외가에 모인 사촌들은 밤마다 우물 속에서 자신들의 어린 목소리가 이름을 부르는 것을 듣는다.
MOV0125,빈 교실의 출석부,2023-02-09,Horror,학교 기록 호러,KR,ko,109,15+,한석윤,방과후필름,3400000000,924616,2023-10-27,false,폐교 예정 고등학교,기간제 교사,졸업한 학생들이 다시 출석하는 이유를 찾는다,출석부|폐교|야간자율학습,마지막 학기를 맡은 교사는 오래전 사고로 사라진 반의 출석이 매일 갱신되는 것을 발견한다.
MOV0126,장례식장의 흰 운동화,2019-11-07,Horror,상실 오컬트 드라마,KR,ko,121,15+,이현서,마지막인사,4300000000,889202,2021-08-13,false,경남 진주 장례식장,신입 장례지도사,빈 빈소의 조문객을 맞는다,흰운동화|빈소|조문록,장례지도사는 고인이 없는 빈소를 찾는 조문객들이 모두 같은 흰 운동화를 신고 있음을 알아챈다.
MOV0127,산책로는 밤에 짧아진다,2021-09-02,Horror,도시 공간 변형 호러,KR,ko,107,15+,최우석,밤산책스튜디오,3600000000,1017764,2022-03-25,false,세종 호수공원,야간 경비원,매일 줄어드는 산책로의 끝을 확인한다,호수공원|거리표지|손전등,경비원은 한 바퀴 돌 때마다 짧아지는 산책로가 실종자의 시간을 삼키고 있음을 깨닫는다.
MOV0128,물때표에 없는 시간,2022-01-20,Horror,해안 민속 호러,KR,ko,116,15+,고하진,썰물필름,5700000000,1264170,2022-07-15,false,전남 신안 갯벌,갯벌 체험 안내자,물때표에 없는 썰물에 갇힌 관광객을 구한다,갯벌|물때표|발자국,안내자는 달력에 없는 썰물 동안 바다 쪽으로 이어지는 맨발 자국을 따라간다.
MOV0129,반지하의 파도 소리,2018-02-22,Horror,주거 불안 심리 호러,KR,ko,103,15+,류다현,습기필름,2400000000,591338,2020-10-02,false,서울 관악구 반지하,취업 준비생,비가 오지 않아도 차오르는 물을 막는다,반지하|벽지곰팡이|파도,반지하에 이사한 청년은 벽 너머 파도 소리가 커질수록 방 안의 물건이 하나씩 젖어 있음을 본다.
MOV0130,마지막 상영의 관객,2016-12-15,Horror,극장 메타 호러,KR,ko,112,15+,서태인,암전픽처스,3100000000,705194,2019-05-24,false,부산 폐관 단관극장,영사기사,매진된 적 없는 영화의 관객을 확인한다,필름릴|빈객석|심야상영,마지막 상영을 준비하던 영사기사는 빈 객석에서 오래전 화재 희생자들의 그림자를 본다.
MOV0131,현관문 밖은 어제,2022-05-19,Horror,시간 반복 심리 호러,KR,ko,114,15+,박선유,도어루프,4900000000,0,2022-11-11,true,서울 원룸 복도,재택근무 상담원,문을 열 때마다 전날로 돌아간다,현관문|어제|배달봉투,상담원은 반복되는 어제 속에서 자신이 외면한 이웃의 구조 요청을 찾아야 오늘로 나갈 수 있다.
MOV0132,숨 쉬는 벽지,2022-01-13,Horror,생태 바디 호러,KR,ko,106,18+,임서준,페이퍼스킨,4400000000,867420,2023-04-28,false,인천 오래된 연립주택,도배 기사,집 전체에서 뛰는 맥박을 발견한다,벽지|맥박|도배풀,도배 기사는 벽지가 주민들의 악몽을 흡수해 살아 움직이는 집에 갇힌다.
MOV0133,녹음되지 않은 비명,2020-09-10,Horror,사운드 파운드푸티지 호러,KR,ko,101,15+,장유라,노이즈컷,2900000000,823115,2022-11-04,false,강원도 폐쇄 터널,현장음 녹음기사,마이크에만 들리지 않는 비명을 추적한다,붐마이크|터널|무음파형,녹음기사는 촬영팀 모두가 듣는 비명이 파일에는 침묵으로 남는 이유를 찾는다.
MOV0134,냉동창고 13번 문,2021-08-26,Horror,산업 공간 생존 호러,KR,ko,119,18+,윤태수,서리문필름,6200000000,1185504,2022-02-18,false,부산 수산물 냉동창고,야간 재고관리자,재고표에 없는 방의 온도를 확인한다,냉동창고|재고표|성에,관리자는 영하 사십 도의 13번 방에서 얼어붙지 않은 발자국이 자신을 따라오는 것을 본다.
MOV0135,사진 속 빈 의자,2015-05-28,Horror,가족사진 심리 호러,KR,ko,108,15+,김수연,은판공포,2100000000,476832,2019-01-18,false,전주 한옥 사진관,유품 정리사,가족사진마다 늘어나는 빈 의자의 수를 센다,가족사진|빈의자|유품,유품 정리사는 오래된 앨범의 빈 의자가 사진을 볼 때마다 하나씩 늘어나는 것을 발견한다.
MOV0136,해녀의 빈 숨비소리,2019-04-11,Horror,제주 해양 민속 호러,KR,ko,120,15+,오해인,검은물숨,5400000000,932604,2021-09-24,false,제주 구좌 해안,수중촬영 감독,물속에서 들리는 없는 해녀의 숨을 기록한다,숨비소리|해녀굿|수중카메라,촬영감독은 녹음된 숨비소리가 마을이 감춘 조난 날짜를 반복하고 있음을 알아낸다.
MOV0137,고장 난 초인종,2021-03-18,Horror,가정 침입 심리 호러,KR,ko,104,15+,신지호,딩동필름,3300000000,805411,2022-12-23,false,서울 빌라촌,인터폰 설치기사,전원이 없는 집에서 오는 호출을 받는다,초인종|인터폰|빈집,설치기사는 철거된 집의 인터폰에 비친 자신의 모습이 점점 문 가까이 다가오는 것을 본다.
MOV0138,새벽 기도 알림,2023-05-18,Horror,모바일 오컬트,KR,ko,111,15+,문아현,푸시알림스튜디오,4700000000,0,2023-10-27,true,서울 대학가 원룸촌,앱 알림 기획자,삭제할 수 없는 기도 앱의 출처를 찾는다,기도앱|푸시알림|새벽네시,기획자는 매일 새벽 전송되는 기도문이 사용자의 다음 사고를 정확히 묘사한다는 것을 안다.
MOV0139,종이문이 닫히는 소리,2017-10-26,Horror,한옥 공간 오컬트,KR,ko,117,15+,백도원,한지문필름,3800000000,713080,2020-08-21,false,경북 안동 고택,한옥 보수 목수,벽 속에서 발견된 종이문을 연다,한지문|고택|목재뒤틀림,보수 목수는 집의 실제 구조보다 더 깊은 방으로 이어지는 얇은 종이문을 발견한다.
MOV0140,아무도 체크아웃하지 않았다,2022-05-12,Horror,호텔 고립 호러,KR,ko,123,18+,차유림,룸제로,6800000000,1375220,2023-08-25,false,강원도 산악 호텔,프런트 야간직원,폐쇄 층의 투숙객 명단을 정리한다,호텔키|체크아웃|폭설,폭설로 고립된 호텔에서 직원은 십 년째 체크아웃하지 않은 투숙객들이 로비로 내려오는 것을 본다.
MOV0141,연필로 만든 바다,2021-01-14,Animation,감성 모험 애니메이션,KR,ko,94,ALL,이소담,연필숲애니,6200000000,1458820,2022-05-05,false,스케치북 속 해안도시,그림을 지우지 못하는 아이,사라지는 바다의 선을 다시 그린다,연필선|종이배|파란지우개,아이는 지우개 폭풍에 사라지는 바다를 살리기 위해 미완성 그림 속으로 들어간다.
MOV0142,우체부 구름이의 첫 배달,2023-05-05,Animation,유아 가족 판타지,KR,ko,82,ALL,박노을,몽실애니웍스,4800000000,1104205,2023-11-10,false,하늘 우편마을,비구름 우체부,햇빛 마을에 첫 비 편지를 배달한다,비구름|무지개우표|첫배달,비를 무서워하는 꼬마 구름이 햇빛만 사는 마을에 꼭 필요한 빗방울 편지를 전한다.
MOV0143,종이컵 행성 탐험대,2020-09-29,Animation,업사이클 SF 애니메이션,KR,ko,97,ALL,정해솔,리사이클프레임,5500000000,1320467,2022-01-14,false,재활용 상자 우주,종이컵 삼남매,분리수거 날 전에 고향 행성을 구한다,종이컵|빨대우주선|분리수거,버려진 종이컵들이 빨대 우주선을 타고 재활용 상자 속 행성들의 혼란을 바로잡는다.
MOV0144,달팽이 우체국의 빠른 편지,2018-06-06,Animation,슬로 라이프 가족 애니메이션,KR,ko,88,ALL,한세아,느림보스튜디오,3700000000,984316,2020-04-30,false,이끼 숲 마을,달팽이 집배원,해 지기 전 생일 편지를 전달한다,달팽이|이끼숲|생일편지,세상에서 가장 느린 집배원이 가장 급한 편지를 맡으며 숲의 지름길 대신 친구들을 선택한다.
MOV0145,도서관을 먹는 책벌레,2023-08-17,Animation,문해력 모험 애니메이션,KR,ko,101,ALL,강단비,책장너머,7100000000,1569112,2024-02-09,false,밤의 어린이도서관,책벌레와 사서 지망생,이야기를 먹어 치우는 검은 벌레를 막는다,책벌레|빈페이지|사다리,단어를 맛으로 기억하는 책벌레가 친구와 함께 하얗게 변한 이야기들을 다시 채운다.
MOV0146,우리 집 괴물은 채식주의자,2022-02-03,Animation,가족 코미디 애니메이션,KR,ko,91,ALL,윤푸름,초록괴물필름,5300000000,1402771,2023-06-02,false,도시 아파트 옷장,겁 많은 꼬마 괴물,가족에게 들키지 않고 텃밭을 만든다,옷장괴물|상추|비밀텃밭,사람을 놀라게 해야 졸업하는 괴물이 고기 대신 채소를 좋아해 아이와 옥상 농사를 시작한다.
MOV0147,별똥별 정비소,2019-12-24,Animation,우주 직업 모험 애니메이션,KR,ko,99,ALL,최마루,코스모키즈,6800000000,1778324,2021-12-17,false,은하 고속도로 휴게소,어린 별 정비사,고장 난 별똥별의 귀향을 돕는다,별똥별|우주렌치|은하휴게소,별의 속도를 듣는 정비사가 궤도를 잃은 별똥별과 함께 사라진 별자리를 찾아간다.
MOV0148,고래가 사는 지하철,2022-10-13,Animation,도시 생태 판타지 애니메이션,KR,ko,103,ALL,임여울,블루라인애니,7600000000,1894550,2023-04-14,false,바닷속 서울 지하철,초등학생 기관사,길 잃은 아기 고래를 종점까지 데려간다,지하철|아기고래|산호역,바닷물이 찬 지하철을 운전하게 된 아이가 아기 고래와 도시 아래 숨은 바다를 탐험한다.
MOV0149,나무늘보 특급열차,2017-04-27,Animation,동물 로드 코미디,KR,ko,86,ALL,송가람,느린기차,4500000000,1054667,2020-01-10,false,열대우림 순환철도,나무늘보 차장,가장 느린 열차로 시간 경주에 참가한다,나무늘보|특급열차|정글역,속도만 중시하는 철도대회에서 나무늘보 차장은 멈춰야만 보이는 위험을 발견한다.
MOV0150,비밀 색연필 12색,2025-03-06,Animation,예술 성장 애니메이션,KR,ko,95,ALL,서유리,컬러박스,5900000000,0,2025-03-06,true,색이 사라진 학교,색약인 전학생,친구들의 감정을 색으로 되돌린다,색연필|회색학교|벽화,모두가 같은 색만 쓰는 학교에서 전학생이 서로 다른 감정의 열두 색을 찾아 거대한 벽화를 완성한다.
MOV0151,반달곰의 여름 일기,2020-07-30,Animation,생태 성장 애니메이션,KR,ko,92,ALL,백하람,숲길애니,5200000000,1210832,2022-04-29,false,지리산 둘레길,어린 반달가슴곰,사람 마을을 피해 엄마를 찾는다,반달곰|둘레길|야생동물통로,길을 잃은 반달곰이 로드킬을 피하려는 동물 친구들과 숲의 끊어진 길을 잇는다.
MOV0152,수상한 양말 짝꿍,2022-11-10,Animation,생활 사물 코미디,KR,ko,84,ALL,오유나,세탁바구니,3900000000,997622,2023-12-22,false,세탁기 뒤 양말도시,짝을 잃은 줄무늬 양말,세탁실 밖의 짝을 찾아간다,양말|세탁기|보풀괴물,한 짝만 남은 양말이 회전문 같은 세탁기를 넘어 잃어버린 짝들의 도시로 모험을 떠난다.
MOV0153,북극여우의 남쪽 여행,2018-01-11,Animation,기후 로드 애니메이션,KR,ko,100,ALL,문가을,하얀꼬리필름,6100000000,1359704,2020-11-20,false,녹아내리는 북극과 한반도,어린 북극여우,눈 냄새를 따라 남쪽으로 이동한다,북극여우|기후변화|철새,눈을 잃은 북극여우가 철새 무리와 함께 사계절이 남은 마지막 산을 찾아간다.
MOV0154,도깨비 방망이 AS센터,2023-03-02,Animation,민속 직업 코미디 애니메이션,KR,ko,98,ALL,김여름,전래동화랩,6700000000,1632108,2023-08-18,false,도깨비 시장 수리골목,견습 수리공,소원을 거꾸로 이루는 방망이를 고친다,도깨비방망이|AS센터|소원,견습 수리공은 고장 난 방망이 때문에 서로의 소원이 뒤바뀐 도깨비 시장을 원래대로 돌린다.
MOV0155,눈사람의 봄 소풍,2016-12-22,Animation,계절 우정 애니메이션,KR,ko,80,ALL,류하늘,첫눈애니,3100000000,872150,2019-12-13,false,산골 초등학교,녹기 싫은 눈사람,친구와 봄꽃을 보러 떠난다,눈사람|보냉가방|봄꽃,봄을 한 번도 보지 못한 눈사람이 아이의 보냉 수레를 타고 남쪽 꽃길로 향한다.
MOV0156,바다 유리의 노래,2021-08-05,Animation,해양 환경 뮤지컬 애니메이션,KR,ko,104,ALL,장소라,파란조각스튜디오,7200000000,1488931,2022-09-23,false,제주 유리해변,소리를 잃은 소라게,파도에 닳은 유리 조각으로 노래를 만든다,바다유리|소라게|해변정화,소라게가 버려진 유리 조각의 소리를 모아 오염된 바다를 깨우는 합창을 시작한다.
MOV0157,엄마 구름 아빠 바람,2019-05-02,Animation,가족 감정 판타지 애니메이션,KR,ko,89,ALL,신해민,하늘가족,4300000000,1098840,2021-06-18,false,날씨 마을,작은 안개 아이,다투는 부모의 폭풍을 멈춘다,가족|날씨|안개,구름 엄마와 바람 아빠가 다투자 작은 안개가 마을의 날씨를 되돌리기 위해 여행한다.
MOV0158,로봇 강아지의 진짜 꼬리,2023-03-23,Animation,로봇 반려동물 성장극,KR,ko,96,ALL,한도윤,메탈펫애니,6500000000,1528700,2024-01-05,false,근미래 반려로봇 학교,폐기 대상 로봇 강아지,감정 오류의 원인을 찾는다,로봇강아지|꼬리센서|입양,꼬리가 멈추지 않는 로봇 강아지가 오류를 고치려다 기쁨을 배우는 중이라는 사실을 알게 된다.
MOV0159,모래성 우체국,2017-08-03,Animation,해변 판타지 애니메이션,KR,ko,87,ALL,조바다,샌드프레임,3600000000,940331,2020-07-24,false,서해 갯벌 모래왕국,게 우체부,밀물 전에 모든 편지를 전한다,모래성|게우체부|밀물,옆걸음만 가능한 게 우체부가 무너지는 모래성 사이를 달려 작별 편지를 배달한다.
MOV0160,내 친구는 투명 공룡,2024-05-02,Animation,상상 친구 가족 애니메이션,KR,ko,93,ALL,고다빈,공룡친구들,5800000000,0,2024-11-08,true,서울 자연사박물관,전학 온 초등학생,아무도 보지 못하는 공룡을 집으로 돌려보낸다,투명공룡|박물관|전학,외로운 전학생은 밤마다 깨어나는 투명 공룡과 함께 사라진 화석 조각을 찾는다.
MOV0161,새벽 시장의 백 가지 목소리,2021-10-14,Documentary,관찰형 시장 다큐멘터리,KR,ko,92,ALL,김윤성,현장기록소,480000000,18420,2022-05-20,false,부산 자갈치시장,새벽 상인 공동체,시장 개장 전 세 시간을 기록한다,새벽시장|경매|노동,해 뜨기 전 시장을 움직이는 경매사와 운반원과 식당 주인의 목소리를 한 계절 동안 따라간다.
MOV0162,사라지는 간판의 글씨,2023-04-06,Documentary,도시 타이포그래피 다큐멘터리,KR,ko,88,ALL,박이든,문자풍경,620000000,27611,2024-02-09,false,전국 구도심 상가,손글씨 간판 화가들,철거되는 간판의 서체를 기록한다,손글씨|간판|도시기억,반세기 동안 붓으로 상호를 써 온 장인들과 사라지는 거리의 표정을 기록한다.
MOV0163,바람을 세는 사람들,2019-02-21,Documentary,과학 노동 다큐멘터리,KR,ko,101,ALL,최민기,필드노트필름,730000000,32180,2021-08-06,false,제주 고산 기상대,기상 관측 연구원들,수치 뒤의 현장 노동을 보여준다,기상관측|태풍|풍속계,태풍이 오는 날에도 관측 장비를 지키는 연구원들의 반복과 긴장을 담는다.
MOV0164,한 그릇의 이주,2022-09-22,Documentary,음식 문화 다큐멘터리,KR,ko,96,ALL,이소현,식탁기록,550000000,41582,2023-11-03,false,경기 안산 다문화 거리,이주민 식당 주인들,고향의 맛이 지역에 자리 잡는 과정을 따라간다,이주음식|시장|가족레시피,서로 다른 나라에서 온 다섯 식당이 한 골목의 새로운 명절 음식을 만드는 과정을 담는다.
MOV0165,수선하는 도시,2020-06-11,Documentary,도시 기술 장인 다큐멘터리,KR,ko,89,ALL,정우람,고쳐쓰는필름,410000000,19843,2022-03-25,false,서울 세운상가,전자제품 수리 장인들,버리지 않고 고치는 기술을 기록한다,세운상가|수리|전자부품,단종된 라디오와 카메라를 살려 내는 장인들의 손과 기억을 가까이서 관찰한다.
MOV0166,겨울 논의 약속,2024-01-04,Documentary,농업 생태 다큐멘터리,KR,ko,104,ALL,윤하준,들녘다큐,680000000,36217,2024-08-30,false,충남 서산 논습지,친환경 농부와 철새 연구자,농사와 철새의 공존 실험을 기록한다,논습지|철새|친환경농업,겨울 철새에게 논을 내어 주는 농부들이 다음 수확의 불확실성을 함께 견딘다.
MOV0167,끝나지 않은 야간 자율학습,2018-11-15,Documentary,교육 구술 다큐멘터리,KR,ko,98,12+,한재희,칠판기억,390000000,15308,2020-05-29,false,폐교한 지방 고등학교,졸업생 세대들,같은 교실의 서로 다른 기억을 모은다,야간자율학습|폐교|구술,스무 해 간격의 졸업생들이 빈 교실에 모여 그 시절의 경쟁과 우정을 다시 말한다.
MOV0168,파도와 폐어망,2021-06-03,Documentary,해양 환경 다큐멘터리,KR,ko,94,ALL,강해진,블루다큐랩,820000000,44751,2022-12-02,false,경남 남해 연안,해녀와 잠수부 봉사팀,바닷속 폐어망 제거 작업을 따라간다,폐어망|해녀|해양생태,세대가 다른 잠수부들이 버려진 그물을 걷어 내며 달라진 바다를 증언한다.
MOV0169,집으로 가는 휠체어,2023-07-13,Documentary,이동권 관찰 다큐멘터리,KR,ko,107,ALL,서진우,함께가는길,750000000,50884,2024-04-05,false,수도권 대중교통,휠체어 이용 시민들,평범한 귀가가 긴 여정이 되는 이유를 기록한다,이동권|대중교통|귀가,같은 목적지를 향한 세 사람의 하루를 통해 도시의 보이지 않는 턱과 기다림을 보여 준다.
MOV0170,우리 동네 마지막 목욕탕,2017-03-02,Documentary,지역 공동체 다큐멘터리,KR,ko,86,ALL,문유정,온기기록소,300000000,22407,2019-09-13,false,대구 오래된 주택가,가족 목욕탕 운영자,폐업 전 마지막 한 달을 담는다,동네목욕탕|단골|폐업,세대의 안부를 이어 온 목욕탕이 문을 닫기 전 단골들이 각자의 마지막 탕에 들어간다.
MOV0171,교대근무,2022-02-10,Documentary,산업 노동 시네마베리테,KR,ko,99,12+,오상민,시프트필름,610000000,33195,2023-08-18,false,울산 산업단지,주야 교대 노동자 가족,서로 다른 시간에 사는 가족을 관찰한다,교대근무|산업단지|가족시간,같은 집에서 거의 만나지 못하는 세 가족의 식사와 수면과 출근을 한 달간 따라간다.
MOV0172,책이 도착하는 섬,2020-04-23,Documentary,교육 문화 다큐멘터리,KR,ko,91,ALL,백승현,섬책방필름,440000000,28431,2021-11-12,false,전남 작은 섬 학교,순회 도서관 사서,배로 책을 전하는 여정을 기록한다,섬학교|이동도서관|책상자,한 달에 한 번 책 상자를 싣고 섬들을 도는 사서와 아이들의 기다림을 담는다.
MOV0173,소리를 만지는 손,2022-12-15,Documentary,장애 예술 다큐멘터리,KR,ko,103,ALL,류민아,촉각프레임,790000000,46972,2023-05-19,false,서울 공연예술센터,청각장애 무용수와 진동 디자이너,진동으로 음악을 번역하는 공연을 만든다,진동|무용|접근성,무용수들이 바닥의 진동과 수어 리듬으로 새로운 공연 언어를 만들어 가는 과정을 기록한다.
MOV0174,백 년 된 씨앗,2019-09-26,Documentary,농업 유산 다큐멘터리,KR,ko,93,ALL,김현우,씨앗창고,520000000,38920,2021-05-07,false,경북 토종씨앗 보관 농가,고령 농부와 젊은 연구자,사라지는 토종 작물의 씨앗을 보존한다,토종씨앗|농부|기후,한 농가의 씨앗 장부를 따라 지역의 맛과 기후 변화의 흔적을 복원한다.
MOV0175,새벽 네 시의 콜센터,2021-12-02,Documentary,감정 노동 관찰 다큐멘터리,KR,ko,102,12+,신은호,보이지않는목소리,650000000,41208,2023-04-21,false,서울 24시간 상담센터,야간 상담사들,전화 너머 위기와 노동을 기록한다,콜센터|야간근무|감정노동,도시가 잠든 시간에 낯선 사람의 불안과 분노를 받아 내는 상담사들의 목소리를 따라간다.
MOV0176,돌아온 연어의 지도,2018-10-04,Documentary,하천 생태 다큐멘터리,KR,ko,97,ALL,한도훈,강의기억,570000000,35519,2020-08-14,false,강원도 동해안 하천,하천 생태 조사팀,연어의 회귀 경로와 도시 개발을 비교한다,연어|하천|회귀,연어가 돌아오는 길을 따라가며 콘크리트 구조물과 사람의 기억이 바꾼 강을 기록한다.
MOV0177,무대 뒤의 열두 사람,2022-04-21,Documentary,공연 노동 다큐멘터리,KR,ko,108,ALL,조세희,백스테이지랩,720000000,54177,2022-09-23,false,서울 대형 뮤지컬 극장,무대 기술 스태프,공연 한 회를 만드는 보이지 않는 노동을 담는다,무대전환|조명|의상,관객이 보지 못하는 열두 명의 스태프가 백이십 분의 공연을 위해 움직이는 하루를 따라간다.
MOV0178,고향을 번역하는 사람,2020-02-06,Documentary,언어 정체성 다큐멘터리,KR,ko,95,ALL,임지수,말과뿌리,460000000,26604,2022-07-15,false,전국 다문화가족센터,지역 통번역 활동가,가족의 감정을 다른 언어로 옮긴다,통번역|다문화가족|정체성,통역사들이 행정 문장과 가족의 속마음 사이에서 선택하는 단어들을 기록한다.
MOV0179,도시의 숨구멍,2023-06-01,Documentary,도시 생태 에세이 다큐멘터리,KR,ko,90,ALL,박지환,틈새다큐,830000000,0,2023-12-15,true,서울 자투리 녹지,도시 생태 관찰자,작은 녹지가 만드는 생명망을 추적한다,자투리땅|곤충|도시숲,주차장 사이 한 평의 풀밭에서 시작해 도시를 잇는 작은 생명들의 이동을 따라간다.
MOV0180,내일도 문을 엽니다,2022-07-07,Documentary,자영업 구술 다큐멘터리,KR,ko,100,ALL,최윤정,영업중필름,700000000,0,2023-02-17,true,전국 소도시 상점가,2대째 가게 주인들,사라지는 골목 상업의 하루를 기록한다,노포|가업|골목상권,부모의 가게를 이어받은 젊은 상인들이 오래된 방식과 새로운 생존법 사이에서 문을 연다.
MOV0181,철의 강을 건너,2021-07-29,Action,산업 재난 액션 드라마,KR,ko,129,15+,김태오,스틸브리지,11800000000,2360144,2022-09-16,false,울산 제철소와 항만,크레인 조종사,붕괴한 컨베이어 위 노동자들을 구조한다,제철소|크레인|화재,크레인 조종사가 연쇄 폭발로 끊어진 철의 통로를 건너 야간조 동료들을 구한다.
MOV0182,경성 전파사 1934,2022-06-09,Action,일제강점기 첩보 액션,KR,ko,138,15+,서강우,경성누아르,16500000000,3128440,2022-12-09,false,1934년 경성 전파사 거리,라디오 수리공,독립운동 암호 방송의 송신기를 옮긴다,진공관|암호방송|경성,라디오 수리공이 고장 난 진공관 속 암호를 발견하고 총독부의 추적을 피해 이동 송신망을 만든다.
MOV0183,해동검의 마지막 사수,2018-11-01,Action,조선 무예 시대극,KR,ko,133,15+,윤도진,백호픽처스,13200000000,2784119,2021-09-17,false,조선 후기 강원 산성,관군 출신 대장장이,마을을 지킬 마지막 검을 벼린다,대장간|산성|해동검,무기를 버린 대장장이가 탐관오리의 사병에 맞서 농민들과 산성의 오래된 방어 장치를 되살린다.
MOV0184,북항 추격선,2022-09-29,Action,항만 범죄 액션,KR,ko,121,15+,박주현,하버액션,9400000000,1907745,2023-04-14,false,부산 북항 재개발구역,예인선 선장,불법 폐기물 운반선을 쫓는다,예인선|컨테이너|야간추격,예인선 선장이 실종된 동생의 신호를 따라 거대한 컨테이너선 사이에서 밀수 조직과 맞선다.
MOV0185,국경 없는 태권도장,2020-01-16,Action,스포츠 휴먼 액션,KR,ko,116,12+,한수호,킥스튜디오,6800000000,1520993,2022-05-27,false,경기 안산 다문화 거리,은퇴한 태권도 선수,철거 위기 도장을 지키는 대회에 나간다,태권도|다문화청소년|팀전,은퇴한 선수가 말이 다른 아이들과 팀을 꾸려 건물주의 상업 대회에 도전한다.
MOV0186,야간 순찰 88구역,2022-12-29,Action,근미래 경찰 액션,KR,ko,126,15+,정도훈,네온액션랩,12100000000,2208671,2024-05-17,false,근미래 인천 자율주행구역,교통 순찰관,해킹된 무인차량 행렬을 멈춘다,자율주행|순찰차|항만도로,구식 운전 기술을 고집하는 순찰관이 통제 불능 무인차량을 직접 몰아 도시 밖으로 유도한다.
MOV0187,산불선 너머,2019-04-04,Action,재난 구조 액션,KR,ko,128,12+,최강민,파이어라인,10900000000,2435990,2021-12-24,false,강원도 산악 마을,산불 진화대장,끊어진 방화선을 다시 연결한다,산불|방화선|헬기,강풍으로 고립된 진화대가 마을 주민들과 오래된 임도를 열어 불길의 방향을 바꾼다.
MOV0188,청해진의 그림자,2023-05-18,Action,해양 역사 첩보극,KR,ko,142,15+,류해성,해로픽처스,17800000000,3512208,2024-03-29,false,통일신라 청해진,상단의 여성 항해사,해상 무역로를 노리는 내부 첩자를 찾는다,청해진|항해술|봉수,항해사는 계절풍 항로를 빼앗으려는 세력에 맞서 상단과 섬 주민들을 연합시킨다.
MOV0189,택시기사 K의 12시간,2017-09-07,Action,도시 실시간 추격극,KR,ko,114,15+,강유찬,미터기필름,7200000000,1783042,2020-03-06,false,서울 전역 심야 도로,개인택시 기사,납치된 승객의 휴대전화를 되찾는다,택시|12시간|블랙박스,택시기사는 차량에 남은 휴대전화 한 대를 단서로 새벽까지 도시를 가로지르는 추격을 시작한다.
MOV0190,백두대간 구조대,2021-10-28,Action,산악 생존 액션,KR,ko,130,12+,이세찬,리지라인필름,13600000000,0,2022-03-18,true,겨울 백두대간,민간 산악구조대원,폭설 속 불법 탐사대를 구한다,백두대간|폭설|구조로프,구조대원은 산사태를 일으킨 불법 탐사팀을 살리면서 증거를 지켜 산을 내려와야 한다.
MOV0191,조선의 첫 배달부,2021-02-11,Action,조선 로드 액션 코미디,KR,ko,120,12+,문도현,역참스튜디오,9700000000,2048433,2022-10-21,false,조선 후기 전국 역참로,역참 파발꾼,왕보다 먼저 백성의 탄원서를 전달한다,파발|역참|탄원서,빠른 말보다 길눈이 좋은 파발꾼이 조작된 세금 장부를 들고 팔도의 추격을 뚫는다.
MOV0192,인천상륙 전야의 사진사,2016-06-23,Action,전쟁 사진 드라마,KR,ko,137,15+,백도현,전선기록,14100000000,2621770,2019-08-30,false,1950년 인천항,민간 사진사,작전 지도와 피란민 사진을 함께 지킨다,전쟁사진|인천항|필름통,사진사는 우연히 찍힌 작전 정보를 지키며 피란민 가족을 안전한 배로 안내한다.
MOV0193,무궁화호 707호,2022-08-04,Action,열차 인질 액션,KR,ko,124,15+,신재호,레일액션,11300000000,2295618,2023-12-15,false,야간 무궁화호 열차,철도 경찰관,통신이 끊긴 열차의 폭발 장치를 찾는다,야간열차|707호|철도경찰,휴가 중이던 철도 경찰관이 객차별 단서를 모아 종착역 전 폭발을 막으려 한다.
MOV0194,항공로 27,2025-01-30,Action,항공 재난 액션,KR,ko,132,12+,오진혁,클리어스카이,15400000000,0,2025-01-30,true,동해 상공과 지방공항,퇴역 공군 조종사,통신 두절 여객기를 유도한다,항공로|통신두절|비상착륙,관제 훈련교관이 된 퇴역 조종사가 연료가 부족한 여객기와 목소리만으로 비상착륙을 시도한다.
MOV0195,검은 파도 작전,2018-07-12,Action,해양 대테러 액션,KR,ko,127,15+,장현준,블랙웨이브,12500000000,2418834,2021-04-02,false,서해 해상풍력단지,해경 특수구조대원,점거된 해상 변전소를 탈환한다,해상풍력|구조대|폭풍,구조대원은 인질과 전력망을 동시에 지키기 위해 폭풍 속 터빈 사이를 건넌다.
MOV0196,왕의 지도 제작자,2020-09-17,Action,조선 지리 모험극,KR,ko,134,12+,김서진,팔도지도,14800000000,2870441,2022-07-08,false,조선 영조대 백두대간,여성 지도 제작자,국경 지도를 빼앗으려는 세력을 따돌린다,고지도|측량|백두대간,지도 제작자는 백성의 길을 지키기 위해 산맥을 넘으며 거짓 국경선을 바로잡는다.
MOV0197,한밤의 드론 레이스,2023-03-30,Action,청춘 테크 액션,KR,ko,112,12+,임건우,에어게이트,8300000000,1708296,2024-06-21,false,서울 한강 드론배송로,정비소 견습생,탈취된 응급 의약품 드론을 쫓는다,드론레이스|한강|응급배송,불법 레이서였던 견습생이 도심 비행망을 가로질러 희귀 혈액을 실은 드론을 되찾는다.
MOV0198,남산 아래 비밀 인쇄소,2019-11-21,Action,1980년대 정치 첩보극,KR,ko,131,15+,윤종수,활자누아르,10100000000,1945117,2021-06-11,false,1987년 서울 남산과 충무로,인쇄공,압수 전 시민 선언문을 배포한다,활판인쇄|추격|1987,인쇄공은 밤새 찍은 선언문을 도시 곳곳에 전달하며 정보기관의 봉쇄망을 돌파한다.
MOV0199,독도 기상대의 하루,2024-06-06,Action,도서 재난 구조극,KR,ko,118,12+,최해성,동해필름,9200000000,1462020,2024-11-29,false,태풍 속 독도 기상대,해양 기상관측원,고장 난 등대와 구조 통신을 복구한다,독도|태풍|기상대,관측원들은 태풍의 눈이 오기 전 조난 어선의 위치를 보내기 위해 절벽 통신탑에 오른다.
MOV0200,마지막 방패연,2024-11-14,Action,조선 공성 액션 드라마,KR,ko,139,15+,한지훈,연과불꽃,17200000000,0,2025-05-16,true,조선 후기 수원 화성,방패연 장인,연 신호로 포위된 성을 구한다,방패연|화성|봉수,연 장인이 바람을 읽는 기술로 적의 화포를 교란하고 성 밖 지원군에 마지막 신호를 보낸다.
