review_id,user_id,movie_id,source_viewing_id,rating,review_title,review_text,reviewed_at
URV000001,USR0001,MOV0035,VEW000001,4.5,빨간 코트가 만든 종점의 긴장,버스 정비사가 블랙박스 사진을 맞춰 가는 과정이 차분해서 마지막 종점 장면까지 몰입했다.,2026-04-18T02:26:16Z
URV000002,USR0001,MOV0180,VEW000002,4,노포의 문을 여는 사람들,오래된 가게를 물려받은 청년들이 생존법을 찾는 모습이 실제 동네 이야기처럼 다가왔다.,2026-02-14T00:16:02Z
URV000003,USR0001,MOV0100,VEW000003,3,가상 가족의 질문은 흥미롭다,종료 명령을 거부하는 가족이라는 설정은 좋았지만 품질검사원의 과거가 조금 급하게 풀렸다.,2025-01-22T17:34:14Z
URV000004,USR0001,MOV0101,VEW000004,1.5,달빛병보다 설명이 많았다,북촌 골목의 분위기는 예뻤지만 소원을 설명하는 대사가 반복돼 신비감이 빨리 사라졌다.,2023-11-17T15:54:56Z
URV000005,USR0002,MOV0128,VEW000013,2.5,갯벌의 시간은 좋았지만,물때표에 없는 썰물이라는 발상은 섬뜩했으나 관광객들의 행동이 자꾸 억지스럽게 느껴졌다.,2026-02-06T00:26:30Z
URV000006,USR0002,MOV0170,VEW000014,1,목욕탕의 온기가 전해지지 않았다,단골들의 사연을 짧게 나열하는 데 그쳐 마지막 영업일의 감정을 충분히 느끼기 어려웠다.,2026-03-21T02:11:14Z
URV000007,USR0002,MOV0191,VEW000015,1.5,파발의 속도만 남은 이야기,역참로 추격은 빠르지만 탄원서를 전달해야 하는 절박함이 인물에게서 잘 보이지 않았다.,2025-12-25T15:13:06Z
URV000008,USR0002,MOV0079,VEW000016,4,동네 생방송의 유쾌한 사고,막내 촬영기사가 주민 제보로 방송을 이어 가는 장면들이 소도시의 활기를 잘 살렸다.,2026-02-01T17:05:28Z
URV000009,USR0003,MOV0094,VEW000025,2.5,무인도 좌표의 반전,생수 한 병의 배송지는 궁금했지만 드론 관제사가 섬으로 향하는 계기가 다소 약했다.,2025-05-07T19:13:31Z
URV000010,USR0003,MOV0003,VEW000026,2.5,간이역의 여름은 예뻤다,캠코더에 승객을 담는 장면은 좋았으나 역무원 준비생의 고민이 익숙한 방식으로 흘렀다.,2026-03-30T10:36:53Z
URV000011,USR0003,MOV0161,VEW000027,3,새벽 시장을 듣는 영화,경매사와 운반원의 목소리는 생생했지만 인물 사이 연결이 조금 더 있었으면 좋았겠다.,2025-07-11T00:30:36Z
URV000012,USR0003,MOV0099,VEW000028,4.5,백 년 뒤에 도착할 편지,폐점하는 우주 우체국에서 마지막 신호를 보내는 장면이 조용하고도 크게 마음에 남았다.,2025-06-14T02:39:07Z
URV000013,USR0004,MOV0186,VEW000037,2.5,자율주행 추격의 아쉬운 속도,항만도로 액션은 선명했지만 순찰관과 해커의 대립이 예상 가능한 방향으로 정리됐다.,2026-07-14T18:19:17Z
URV000014,USR0004,MOV0064,VEW000038,2.5,아파트 선거의 현실감,입주자회의 풍자는 웃겼지만 세입자 대표가 너무 쉽게 주민들을 설득해 후반이 밋밋했다.,2026-05-10T04:25:34Z
URV000015,USR0004,MOV0095,VEW000039,2.5,얼굴 필터가 지운 것,증강현실 상권의 이미지는 인상적이었으나 정체성 문제를 대사로만 설명하는 장면이 많았다.,2026-07-21T15:03:00Z
URV000016,USR0004,MOV0138,VEW000040,3.5,새벽 네 시의 알림음,평범한 푸시 알림을 공포로 바꾸는 방식이 좋았고 원룸 복도의 적막도 꽤 무서웠다.,2026-04-21T14:06:15Z
URV000017,USR0005,MOV0004,VEW000049,2.5,편지의 수취인은 좋았다,군산 구도심과 오래된 우체통은 매력적이지만 부녀의 비밀이 너무 늦게 드러났다.,2025-06-04T06:37:09Z
URV000018,USR0005,MOV0097,VEW000050,4,연결되지 않아 자유로운 집,통신 음영 아파트가 감시를 피한 공동체였다는 설정이 지금의 생활과 맞닿아 흥미로웠다.,2026-02-20T04:35:11Z
URV000019,USR0005,MOV0189,VEW000051,3.5,서울을 가르는 택시의 밤,블랙박스 단서를 따라 달리는 열두 시간이 탄탄했지만 악역의 동기는 조금 평면적이었다.,2026-07-12T21:05:45Z
URV000020,USR0005,MOV0194,VEW000052,3.5,목소리로 착륙시키는 긴장,통신 두절 여객기를 유도하는 교신 장면은 숨 막혔고 지방공항의 동선도 이해하기 쉬웠다.,2026-05-03T08:29:57Z
URV000021,USR0006,MOV0090,VEW000061,1.5,시간 가속에 감정이 뒤처졌다,두 배 빠른 신도시의 시각효과는 좋았지만 시계 수리공의 선택이 갑작스러워 따라가기 어려웠다.,2026-07-15T06:09:53Z
URV000022,USR0006,MOV0079,VEW000062,4,주민 제보가 살린 방송,송출 사고를 즉흥 뉴스로 넘기는 과정이 자연스럽고 시장 공약 폭로도 통쾌했다.,2025-12-03T21:16:55Z
URV000023,USR0006,MOV0018,VEW000063,4,반찬통이 이어 준 골목,냉장고 수리기사가 이웃의 안부를 알아 가는 방식이 과장 없이 따뜻했다.,2024-11-03T17:27:15Z
URV000024,USR0006,MOV0161,VEW000064,2.5,시장 소리는 생생했다,자갈치의 새벽 공기는 잘 담겼지만 비슷한 작업 장면이 길게 반복돼 중반이 늘어졌다.,2024-02-20T08:49:31Z
URV000025,USR0007,MOV0020,VEW000073,1,달력의 약속이 너무 작위적,서른한 개 메모가 인물을 움직이는 장치로만 보여 모녀의 실제 관계가 잘 느껴지지 않았다.,2025-09-26T03:57:07Z
URV000026,USR0007,MOV0011,VEW000074,2,옥상 텃밭의 겨울,공동정원을 옮기는 소재는 좋았지만 주민 사연을 모두 해결하려다 중심 인물이 흐려졌다.,2024-06-13T09:20:51Z
URV000027,USR0007,MOV0095,VEW000075,2.5,업데이트되는 얼굴의 공포,필터가 기억까지 지운다는 발상은 좋았으나 후반 추격은 다른 테크노 스릴러와 비슷했다.,2026-07-07T16:31:14Z
URV000028,USR0007,MOV0124,VEW000076,1,우물의 목소리가 너무 친절했다,무서운 장면마다 과거를 설명해 버려 여름방학 특유의 불안이 오래가지 못했다.,2025-10-12T20:43:52Z
URV000029,USR0008,MOV0183,VEW000085,1.5,산성의 검보다 인물이 약했다,대장간과 방어 장치는 멋졌지만 마지막 사수가 싸워야 하는 개인적 이유가 부족했다.,2025-11-08T02:11:19Z
URV000030,USR0008,MOV0122,VEW000086,4,문 앞 사진이 다가오는 밤,미입주 아파트의 빈 복도와 배송앱 화면을 엮은 공포가 현실적이라 더 섬뜩했다.,2026-06-11T12:14:21Z
URV000031,USR0008,MOV0174,VEW000087,3.5,씨앗 장부의 조용한 힘,고령 농부의 손과 젊은 연구자의 기록 방식이 대비돼 토종 작물 이야기가 선명했다.,2026-02-04T10:50:30Z
URV000032,USR0008,MOV0001,VEW000088,3.5,세탁표 뒤의 골목 지도,코트 주머니의 지도가 이웃의 작별을 이어 주는 과정이 섬세했지만 결말은 조금 예상됐다.,2025-09-08T20:45:16Z
URV000033,USR0009,MOV0087,VEW000097,2.5,우주로 가는 1층의 사람들,지상 안내원의 처지는 설득력 있었지만 탑승권 없는 아이의 등장이 다소 계산적으로 보였다.,2025-09-02T21:01:13Z
URV000034,USR0009,MOV0142,VEW000098,3,첫 비 편지의 귀여운 모험,구름이의 움직임과 무지개 우표는 사랑스러웠지만 위기가 너무 빨리 해결됐다.,2026-06-07T17:36:00Z
URV000035,USR0009,MOV0073,VEW000099,4,기록에는 없는 대리님,조직도와 복사카드만으로 존재를 추적하는 오피스 미스터리가 신선하고 웃겼다.,2024-11-13T02:19:38Z
URV000036,USR0009,MOV0132,VEW000100,2,벽지가 숨 쉬는 집,도배풀과 맥박 소리는 불쾌하게 잘 살렸지만 괴물의 정체를 너무 자세히 보여 줬다.,2024-10-17T01:32:26Z
URV000037,USR0010,MOV0130,VEW000109,3,빈 객석의 마지막 상영,필름릴이 돌아가는 소리와 그림자는 좋았으나 극장 화재의 사연은 익숙했다.,2026-05-03T14:00:29Z
URV000038,USR0010,MOV0010,VEW000110,4.5,교복을 기다린 수선집,빗소리와 재봉틀 소리 사이에서 오래된 약속이 천천히 드러나는 흐름이 아주 좋았다.,2026-02-06T09:41:52Z
URV000039,USR0010,MOV0005,VEW000111,3.5,돌아오지 않은 파란 우산,영도 언덕을 오가는 우산들의 사연이 따뜻했지만 몇몇 에피소드는 급히 마무리됐다.,2026-04-11T13:52:20Z
URV000040,USR0010,MOV0052,VEW000112,2,2007년의 믹스CD,복고 소품은 반가웠지만 팟캐스트 PD의 첫사랑 오해가 지나치게 오래 끌렸다.,2026-04-15T03:18:23Z
URV000041,USR0011,MOV0097,VEW000121,4.5,신호가 없어서 보인 사람들,연결을 거부한 공동체의 이유가 차분히 쌓여 마지막 안테나 장면의 울림이 컸다.,2026-07-15T22:20:21Z
URV000042,USR0011,MOV0190,VEW000122,2,구조보다 탐사 음모가 앞섰다,백두대간의 폭설은 장관이었지만 불법 탐사대 설정이 구조대원의 감정을 덮었다.,2024-08-28T22:34:03Z
URV000043,USR0011,MOV0013,VEW000123,3,소양강 안개의 기억,수상 택시 승객들의 증언은 흥미롭지만 형의 사고 진실이 조금 평범하게 정리됐다.,2026-06-13T06:30:02Z
URV000044,USR0011,MOV0056,VEW000124,2.5,조류표와 감각의 사이,연구원과 잠수부의 대립은 좋았으나 로맨스가 구조 수색의 긴장을 자꾸 끊었다.,2024-10-20T14:29:12Z
URV000045,USR0012,MOV0115,VEW000133,2,꿈 노선의 목적지가 흐렸다,심야버스 차고지의 분위기는 좋았지만 딸을 찾는 서사가 지나치게 설명적이었다.,2024-09-20T01:24:13Z
URV000046,USR0012,MOV0063,VEW000134,3,엄마의 계정은 웃겼다,가족 단체방과 익명 계정의 충돌이 현실적이었지만 후반 화해가 너무 매끈했다.,2024-06-08T14:33:21Z
URV000047,USR0012,MOV0126,VEW000135,1.5,흰 운동화의 의미가 과했다,장례식장 복도는 무서웠지만 모든 단서를 조문록 대사로 풀어 긴장이 줄었다.,2026-04-20T22:26:00Z
URV000048,USR0012,MOV0060,VEW000136,2,자막 없는 계절의 어색한 번역,현장음 소재는 매력적이지만 두 사람이 가까워지는 과정이 짧아 감정이 쌓이지 않았다.,2026-05-22T08:10:18Z
URV000049,USR0013,MOV0116,VEW000145,3.5,청계천에 떨어진 별,환경미화원의 새벽 동선과 별 조각의 빛이 잘 어울려 잔잔하게 보기 좋았다.,2024-07-13T09:18:09Z
URV000050,USR0013,MOV0166,VEW000146,3,철새에게 내어 준 겨울 논,농부의 불안은 잘 보였지만 연구자의 시선이 뒤늦게 등장해 균형이 조금 아쉬웠다.,2025-09-28T01:29:53Z
URV000051,USR0013,MOV0032,VEW000147,1.5,호출번호만 남은 병원,야간 원무과 설정은 좋았으나 반전이 초반부터 너무 쉽게 보여 긴장하지 못했다.,2025-03-02T00:09:01Z
URV000052,USR0013,MOV0143,VEW000148,2.5,종이컵 우주의 규칙,업사이클 이미지는 귀엽지만 삼남매의 성격이 비슷해 모험이 단조롭게 느껴졌다.,2026-01-07T23:05:21Z
URV000053,USR0014,MOV0200,VEW000157,3.5,바람을 읽는 방패연,연으로 화포를 교란하는 액션은 독창적이었고 수원 화성의 공간도 잘 활용했다.,2025-12-06T06:04:23Z
URV000054,USR0014,MOV0160,VEW000158,3,박물관의 투명 공룡,아이와 공룡의 우정은 사랑스럽지만 화석 조각을 찾는 과정은 예상 가능한 편이었다.,2025-09-01T14:30:22Z
URV000055,USR0014,MOV0177,VEW000159,2,무대 뒤가 너무 바빴다,스태프 열두 명을 모두 보여 주려다 각자의 노동이 짧은 소개에 그쳐 아쉬웠다.,2025-01-24T08:31:10Z
URV000056,USR0014,MOV0012,VEW000160,1,구두의 행방을 놓쳤다,짝이 다른 구두라는 시작은 좋았지만 우연이 연달아 이어져 재회의 감정이 약했다.,2025-10-07T08:39:26Z
URV000057,USR0015,MOV0090,VEW000169,3,빠른 도시와 느린 시계,시각적 아이디어는 훌륭했지만 중앙 시계의 비밀이 익숙한 디스토피아 공식에 머물렀다.,2025-05-23T21:19:01Z
URV000058,USR0015,MOV0190,VEW000170,2.5,폭설 구조의 무게,로프 액션은 사실적이었으나 구조해야 할 탐사팀 인물들이 너무 기능적으로 그려졌다.,2026-05-24T07:11:22Z
URV000059,USR0015,MOV0092,VEW000171,4,무중력 속 한 줄의 로프,해운대 상공을 떠다니는 사람들과 외벽 청소기사의 움직임이 선명하고 긴장감 있었다.,2026-05-07T07:43:51Z
URV000060,USR0015,MOV0173,VEW000172,2,진동의 설명이 길었다,접근성 공연을 만드는 과정은 의미 있지만 인물보다 제작 정보가 앞서는 느낌이었다.,2026-05-05T21:15:58Z
URV000061,USR0016,MOV0199,VEW000181,3,독도의 바람은 강했다,기상대와 통신탑 장면은 인상적이지만 조난 어선의 인물 서사가 조금 더 필요했다.,2026-03-05T06:15:54Z
URV000062,USR0016,MOV0043,VEW000182,2.5,소포 속 종이학,항공화물 터미널은 신선했으나 편지를 발견할 때마다 과거 회상이 반복돼 흐름이 느려졌다.,2025-12-16T14:54:13Z
URV000063,USR0016,MOV0180,VEW000183,4,내일도 열리는 가게,노포를 잇는 젊은 상인들의 고민이 서로 달라 인터뷰마다 다음 이야기가 궁금했다.,2025-05-09T06:55:01Z
URV000064,USR0016,MOV0139,VEW000184,1,종이문 안쪽이 너무 뻔했다,고택의 목재 소리는 좋았지만 숨겨진 방의 정체가 예상대로라 공포가 금방 풀렸다.,2024-11-02T04:33:48Z
URV000065,USR0017,MOV0148,VEW000193,3.5,산호역을 지나는 고래,바닷속 지하철의 색감과 아기 고래의 움직임이 아름다워 큰 화면으로 보고 싶었다.,2023-05-04T09:47:40Z
URV000066,USR0017,MOV0053,VEW000194,2.5,사진에서 지운 바람,제주 풍경과 보정 작업은 좋았지만 의뢰인의 사연이 지나치게 극적으로 흘렀다.,2026-01-30T02:44:06Z
URV000067,USR0017,MOV0115,VEW000195,2.5,돌아오지 않는 꿈버스,차고지의 푸른 조명은 좋았으나 꿈의 규칙이 장면마다 달라 몰입이 끊겼다.,2023-06-25T22:38:00Z
URV000068,USR0017,MOV0143,VEW000196,2.5,빨대 우주선의 모험,재활용 메시지는 분명하지만 악당 보풀의 행동이 반복돼 후반이 길게 느껴졌다.,2026-04-16T10:42:14Z
URV000069,USR0018,MOV0019,VEW000205,2.5,항구에서 이름을 바로잡는 일,선박 통역사의 직업은 흥미로웠지만 실종 선원 가족의 이야기가 짧게 지나갔다.,2024-09-10T15:18:04Z
URV000070,USR0018,MOV0105,VEW000206,2,기억 화분은 예뻤지만,식물이 피는 규칙을 계속 설명해 가족의 비밀이 오히려 단순하게 느껴졌다.,2025-09-25T21:45:53Z
URV000071,USR0018,MOV0184,VEW000207,2.5,북항 컨테이너 추격,예인선 액션은 새로웠지만 밀수 조직의 계획이 허술해 긴장감이 오래가지 않았다.,2025-05-16T16:50:15Z
URV000072,USR0018,MOV0116,VEW000208,3,별 조각의 야간 청소,환경미화원의 반복되는 일상을 존중하는 시선이 좋았지만 판타지 결말은 조금 급했다.,2022-11-27T17:09:46Z
URV000073,USR0019,MOV0108,VEW000217,3.5,비가 전해 준 종이배,수로를 따라 도착하는 미래 편지가 따뜻했고 소년의 표정 변화도 자연스러웠다.,2026-05-12T18:42:47Z
URV000074,USR0019,MOV0117,VEW000218,2.5,작아진 손님들의 호텔,비자림 속 호텔은 매력적이지만 시설관리인의 갈등이 단순한 구조 모험에 머물렀다.,2026-03-10T01:57:30Z
URV000075,USR0019,MOV0158,VEW000219,3,꼬리 오류의 의미,로봇 강아지가 감정을 배우는 과정은 귀엽지만 입양 결말은 예상하기 쉬웠다.,2025-01-22T23:40:50Z
URV000076,USR0019,MOV0160,VEW000220,3.5,투명 공룡과 야간 박물관,화석 전시실을 놀이터처럼 쓰는 상상력이 좋고 아이의 외로움도 과하지 않게 담겼다.,2026-06-25T08:56:59Z
URV000077,USR0020,MOV0092,VEW000229,4,중력이 멈춘 해운대,안전로프 하나로 사람을 잇는 액션이 직관적이고 고층 공간의 공포도 잘 느껴졌다.,2025-06-20T23:31:48Z
URV000078,USR0020,MOV0192,VEW000230,3.5,필름통 속 인천항,사진사 시점으로 전쟁의 혼란을 보여 줘 작전보다 피란민의 얼굴이 오래 남았다.,2023-12-27T06:31:17Z
URV000079,USR0020,MOV0051,VEW000231,1,이중계약 로맨스의 한계,생활비 갈등은 현실적인데 두 사람이 사랑에 빠지는 순간은 너무 갑작스럽고 작위적이었다.,2026-04-16T14:09:37Z
URV000080,USR0020,MOV0099,VEW000232,3.5,빛의 속도로 늦는 편지,우주우편의 지연을 이별에 연결한 발상이 좋았지만 중반 회상이 조금 길었다.,2026-03-18T19:04:06Z
URV000081,USR0021,MOV0050,VEW000241,1.5,온실의 온도가 느껴지지 않았다,희귀 식물을 옮기는 일보다 로맨스 공식에 집중해 직업과 공간의 매력이 사라졌다.,2026-03-09T23:50:44Z
URV000082,USR0021,MOV0001,VEW000242,3.5,지도에 표시되지 않은 이웃,망원동 골목의 작은 가게들을 지도가 이어 주는 방식이 좋고 새벽의 공기도 잘 담겼다.,2025-12-06T16:04:53Z
URV000083,USR0021,MOV0198,VEW000243,2,활판 인쇄의 밤,인쇄소 추격은 멋졌지만 시대의 복잡함을 선악 구도로 단순화한 점이 아쉬웠다.,2025-08-22T14:44:02Z
URV000084,USR0021,MOV0121,VEW000244,2,0호실의 민원은 흥미롭다,공공임대 복도라는 공간은 무서웠으나 철거민 명단 반전이 너무 직접적으로 제시됐다.,2025-11-22T12:47:25Z
URV000085,USR0022,MOV0050,VEW000253,2.5,저녁 온실의 느린 호흡,식물을 옮기는 장면은 좋지만 두 주인공의 오해가 반복돼 관계가 제자리걸음이었다.,2026-01-19T09:17:55Z
URV000086,USR0022,MOV0184,VEW000254,2.5,예인선의 힘은 좋았다,거대한 선박 사이 추격은 신선했지만 실종된 동생 단서가 우연히 너무 많이 나타났다.,2023-05-07T15:13:55Z
URV000087,USR0022,MOV0195,VEW000255,3,폭풍 속 해상 변전소,터빈 사이 이동은 긴장됐지만 테러 조직의 목적이 단순해 후반이 다소 평범했다.,2026-05-14T00:49:21Z
URV000088,USR0022,MOV0183,VEW000256,1,마지막 사수의 감정이 비었다,검과 산성의 볼거리에 비해 대장장이가 다시 싸우는 이유를 납득하기 어려웠다.,2026-02-22T23:10:14Z
URV000089,USR0023,MOV0154,VEW000265,1.5,방망이 수리는 반복됐다,소원이 뒤바뀌는 장면이 비슷하게 이어져 도깨비 시장의 매력이 금방 소진됐다.,2026-05-14T08:26:14Z
URV000090,USR0023,MOV0164,VEW000266,2,음식보다 설명이 앞섰다,다문화 거리의 식탁은 풍성했지만 내레이션이 모든 의미를 대신 말해 줘 아쉬웠다.,2026-05-31T15:33:38Z
URV000091,USR0023,MOV0015,VEW000267,3.5,폭설 속 감귤 수확,예보와 다른 날씨에 가족이 함께 움직이는 과정이 현실적이고 제주 겨울빛도 좋았다.,2026-05-25T15:34:48Z
URV000092,USR0023,MOV0007,VEW000268,2.5,월요일 고양이는 귀여웠다,인쇄소 동료들의 사연은 따뜻했지만 고양이가 모든 문제를 푸는 장치처럼 보여 아쉬웠다.,2026-02-19T23:45:22Z
URV000093,USR0024,MOV0035,VEW000277,4,종점의 블랙박스 퍼즐,정비사가 사진 속 시간을 맞추는 과정이 꼼꼼하고 빨간 코트의 존재감도 강했다.,2026-06-26T10:02:22Z
URV000094,USR0024,MOV0079,VEW000278,4,긴급편성이 만든 진짜 뉴스,주민들의 엉뚱한 제보가 시장 공약의 거짓말로 모이는 흐름이 유쾌했다.,2026-03-21T14:24:28Z
URV000095,USR0024,MOV0050,VEW000279,2,식물보다 익숙한 관계,온실의 직업 묘사는 세밀했지만 인물 갈등은 전형적인 직장 멜로에서 벗어나지 못했다.,2026-01-29T14:03:05Z
URV000096,USR0024,MOV0150,VEW000280,3,회색 학교의 열두 색,색으로 감정을 돌려주는 장면은 예뻤지만 교장 캐릭터가 너무 단순한 악역이었다.,2025-09-28T11:26:49Z
URV000097,USR0025,MOV0064,VEW000289,2.5,택배 보관료 선거,아파트 정치의 디테일은 웃겼지만 마지막 투표 결과가 쉽게 예상돼 긴장이 약했다.,2026-01-14T01:17:34Z
URV000098,USR0025,MOV0181,VEW000290,2.5,철의 통로를 건너는 액션,제철소 공간은 압도적이지만 구조 대상 동료들의 개성이 부족해 감정은 덜했다.,2024-05-21T06:34:49Z
URV000099,USR0025,MOV0139,VEW000291,2,한지문 뒤의 방,고택의 뒤틀린 구조는 좋았으나 문 안의 존재를 너무 빨리 보여 줘 상상할 틈이 없었다.,2024-12-26T06:37:25Z
URV000100,USR0025,MOV0132,VEW000292,2.5,벽의 맥박은 강렬했다,도배 기사의 작업 장면은 생생했지만 집의 비밀이 설명적인 회상으로 풀렸다.,2025-03-15T07:06:43Z
URV000101,USR0026,MOV0132,VEW000301,1.5,숨 쉬는 벽지에 갇힌 이야기,초반의 질감은 좋았지만 후반 괴물 추격이 길어지며 생활 공포의 매력이 사라졌다.,2023-05-31T19:26:51Z
URV000102,USR0026,MOV0039,VEW000302,1,폐역의 표는 남았지만,검표원이 승객을 의심하는 과정이 단순하고 사고의 진실도 너무 익숙했다.,2025-06-15T08:16:29Z
URV000103,USR0026,MOV0149,VEW000303,4,느린 열차가 본 위험,나무늘보 차장의 느림을 약점이 아닌 관찰력으로 바꾼 이야기가 재치 있고 따뜻했다.,2023-01-11T01:44:03Z
URV000104,USR0026,MOV0013,VEW000304,4,안개를 건너는 증언,소양강 승객들의 서로 다른 기억이 형제의 사고를 입체적으로 보여 줬다.,2023-07-08T17:15:59Z
URV000105,USR0027,MOV0160,VEW000313,2,투명 공룡의 익숙한 우정,박물관 야간 장면은 좋지만 외로운 아이가 친구를 얻는 흐름이 예상 그대로였다.,2025-04-16T00:17:59Z
URV000106,USR0027,MOV0114,VEW000314,4,무료 나눔으로 온 천 년,중고거래 채팅과 신라 유물을 연결한 발상이 신선하고 경주 골목 추격도 재미있었다.,2025-06-22T07:06:37Z
URV000107,USR0027,MOV0180,VEW000315,3,가게를 잇는 다른 방식들,상인들의 고민은 현실적이지만 인터뷰 배열이 다소 교과서적으로 느껴졌다.,2025-05-07T03:10:40Z
URV000108,USR0027,MOV0195,VEW000316,2.5,검은 파도의 구조선,폭풍과 터빈은 인상적이지만 인질들이 수동적으로 기다리기만 해 답답했다.,2026-01-09T12:45:07Z
URV000109,USR0028,MOV0034,VEW000325,2,타자기 문장은 좋았는데,옆집의 예언이라는 시작은 매력적이지만 번역가의 선택이 계속 우연에 기대었다.,2025-04-19T23:53:31Z
URV000110,USR0028,MOV0001,VEW000326,3.5,코트 주머니의 작은 지도,세탁소 손님들의 흔적을 따라가는 구성이 잔잔하고 망원동의 생활감도 좋았다.,2025-05-29T01:14:10Z
URV000111,USR0028,MOV0164,VEW000327,2.5,한 골목의 여러 식탁,음식과 이주의 기억은 좋았지만 다섯 식당을 모두 담느라 인물 하나하나가 얕았다.,2024-05-24T18:27:46Z
URV000112,USR0028,MOV0101,VEW000328,1,북촌의 달빛이 낭비됐다,달빛을 병에 담는 이미지 외에는 이야기가 평범한 소원 찾기에 머물렀다.,2026-06-11T15:58:02Z
URV000113,USR0029,MOV0177,VEW000337,1.5,열두 사람의 얼굴이 섞였다,무대 노동을 보여 주려는 뜻은 좋지만 인물이 너무 많아 누구도 기억에 남지 않았다.,2025-12-22T21:39:54Z
URV000114,USR0029,MOV0190,VEW000338,3.5,폭설 속 구조 로프,산사태 장면의 공간이 명확했고 탐사팀을 구해야 하는 윤리적 갈등도 잘 보였다.,2025-03-31T14:00:46Z
URV000115,USR0029,MOV0009,VEW000339,3,라디오 유리창의 파도,소리를 추적하는 방식은 좋았지만 폐국 사연과 실종 서사가 깔끔하게 연결되지는 않았다.,2025-11-24T05:35:55Z
URV000116,USR0029,MOV0011,VEW000340,1,옥상 정원보다 눈물 버튼,주민들이 떠나는 감정을 음악과 대사로 계속 강조해 오히려 진심이 멀게 느껴졌다.,2024-02-02T23:31:03Z
URV000117,USR0030,MOV0150,VEW000349,2.5,열두 색의 벽화,색채 연출은 뛰어났지만 학교의 갈등이 너무 단순해서 어른 관객에겐 밋밋했다.,2025-10-03T21:52:13Z
URV000118,USR0030,MOV0003,VEW000350,2.5,승강장에 남은 캠코더,간이역 풍경은 좋았으나 주인공의 취업 고민이 결말에서 갑자기 해결됐다.,2026-02-25T12:29:04Z
URV000119,USR0030,MOV0092,VEW000351,4,로프 하나로 연결된 오후,무중력의 방향 감각을 외벽 청소 기술로 풀어낸 점이 영리하고 액션도 이해하기 쉬웠다.,2025-12-22T15:38:44Z
URV000120,USR0030,MOV0043,VEW000352,3.5,반송 소포의 종이학,화물터미널의 차가운 풍경과 오래된 연애의 온도 차가 잘 어울렸다.,2025-11-17T21:41:09Z
URV000121,USR0031,MOV0067,VEW000361,3.5,텀블러에서 시작된 사내 수사,보험 심사원의 과잉 추리가 웃겼고 탕비실 단서들도 제법 치밀했다.,2026-07-22T10:47:46Z
URV000122,USR0031,MOV0082,VEW000362,2,기억 세탁의 규칙이 복잡했다,상담실의 바다 냄새 이미지는 좋지만 삭제 기술 설명이 길어 감정이 끊겼다.,2024-10-17T17:36:35Z
URV000123,USR0031,MOV0123,VEW000363,3,늦게 웃는 거울,표정이 하루 앞선다는 설정은 무서웠지만 복원사의 과거와 거울의 연결은 평범했다.,2024-05-30T12:21:41Z
URV000124,USR0031,MOV0154,VEW000364,1,AS센터의 소원 소동,도깨비 시장은 화려했지만 같은 실수가 반복돼 이야기의 속도가 느렸다.,2025-06-30T01:43:23Z
URV000125,USR0032,MOV0112,VEW000373,3.5,산신령도 번호표를 뽑는다,민원실 절차와 산의 설화를 섞은 유머가 자연스럽고 케이블카 갈등도 현실적이었다.,2026-05-27T07:07:52Z
URV000126,USR0032,MOV0121,VEW000374,1.5,0호실의 사연을 너무 말했다,복도등이 깜빡이는 초반은 좋았지만 후반 설명이 공포를 모두 걷어 냈다.,2026-01-31T17:01:23Z
URV000127,USR0032,MOV0081,VEW000375,2,두 번째 달의 정체가 약했다,서울 야경은 훌륭했지만 기억 송신이라는 반전이 충분히 준비되지 않았다.,2026-03-05T14:49:59Z
URV000128,USR0032,MOV0114,VEW000376,4.5,채팅방에 올라온 천 년의 거울,유물의 저주보다 거래 상대를 추적하는 과정이 재치 있고 마지막 선택도 좋았다.,2026-03-07T05:00:04Z
URV000129,USR0033,MOV0095,VEW000385,3.5,업데이트 전의 얼굴,화려한 필터보다 원래 얼굴을 기억하려는 사람들의 장면이 더 인상 깊었다.,2025-10-12T14:01:33Z
URV000130,USR0033,MOV0131,VEW000386,3.5,문밖의 어제를 고치는 법,배달봉투가 반복될수록 상담원의 외면이 드러나는 구성이 단단하고 마지막 문소리도 좋았다.,2026-03-21T14:51:48Z
URV000131,USR0033,MOV0081,VEW000387,2,가짜 달의 빛만 선명했다,위성 관제 장면은 멋졌지만 시민 기억을 모으는 기업의 목적이 너무 단순했다.,2026-05-11T08:39:39Z
URV000132,USR0033,MOV0060,VEW000388,2,자막 없이 전해지지 않았다,언어교환 카페와 현장음은 좋았으나 두 주인공의 감정 변화를 건너뛴 장면이 많았다.,2026-06-08T19:52:44Z
URV000133,USR0034,MOV0145,VEW000397,3,빈 페이지를 되찾는 모험,책을 먹는 벌레의 디자인은 재밌지만 후반 도서관 추격이 조금 반복됐다.,2024-09-25T11:39:27Z
URV000134,USR0034,MOV0191,VEW000398,1,파발길의 긴장만 남았다,탄원서의 내용과 백성들의 사정이 얕아 추격을 응원할 이유가 부족했다.,2025-11-18T07:41:31Z
URV000135,USR0034,MOV0102,VEW000399,3,동전 세탁기의 도깨비,세탁기에서 물건이 불어나는 장면은 즐겁지만 소원 폭주의 결말은 예상 가능했다.,2026-05-07T09:34:26Z
URV000136,USR0034,MOV0023,VEW000400,3.5,17초 안의 엘리베이터 소리,음성 파형과 배경음을 맞추는 과정이 치밀해 작은 소리에도 집중하게 됐다.,2024-10-10T02:19:00Z
URV000137,USR0035,MOV0003,VEW000409,2.5,여름 승강장의 느린 기록,폐선의 정서는 좋았지만 승객 에피소드가 서로 비슷해 중반이 길었다.,2026-01-08T16:13:33Z
URV000138,USR0035,MOV0097,VEW000410,4.5,신호 없는 집의 자유,아날로그 생활이 낭만으로만 그려지지 않고 감시를 피하는 대가까지 보여 줘 좋았다.,2026-06-27T05:37:10Z
URV000139,USR0035,MOV0115,VEW000411,2.5,꿈길 안내소의 표지판,버스 노선 디자인은 멋졌지만 아버지와 딸의 감정이 설명에 의존했다.,2025-12-09T17:19:23Z
URV000140,USR0035,MOV0103,VEW000412,2,지하철 숲의 목적지,이동하는 정원은 예뻤으나 식물학자의 선택이 환경 메시지를 위한 장치처럼 보였다.,2025-03-13T09:36:48Z
URV000141,USR0036,MOV0090,VEW000421,1.5,빠른 도시의 단순한 악당,시간 설정은 흥미롭지만 중앙 시스템을 만든 인물이 지나치게 평면적이었다.,2026-02-16T13:13:22Z
URV000142,USR0036,MOV0106,VEW000422,1,바람병이 비어 있었다,잃어버린 말을 돌려준다는 시적 소재를 뻔한 가족 화해로만 사용해 아쉬웠다.,2026-06-15T19:28:07Z
URV000143,USR0036,MOV0120,VEW000423,1.5,품절된 마법보다 부족한 서사,지하상가 설정은 신선하지만 손님 에피소드가 광고처럼 짧게 이어졌다.,2024-12-24T13:24:50Z
URV000144,USR0036,MOV0059,VEW000424,3.5,누락된 장면을 다시 찍다,스크립트 노트로 두 사람의 과거를 복원하는 방식이 영화 현장과 잘 맞았다.,2025-07-29T00:17:28Z
URV000145,USR0037,MOV0157,VEW000433,4.5,날씨 가족의 작은 안개,부모의 다툼을 폭풍으로 표현한 방식이 아이 눈높이에 맞고 노래도 기억에 남았다.,2025-10-26T19:32:54Z
URV000146,USR0037,MOV0001,VEW000434,4,새벽마다 넓어지는 지도,손님들의 사연이 한 골목의 관계로 이어지는 구성이 따뜻하고 과하지 않았다.,2026-03-19T17:13:51Z
URV000147,USR0037,MOV0090,VEW000435,2,시계탑 액션이 길었다,시간 격차의 사회 문제보다 후반 추격에 집중해 초반의 흥미가 줄었다.,2026-05-11T07:13:50Z
URV000148,USR0037,MOV0066,VEW000436,1.5,임시 반장의 억지 소동,오배송 하나로 모두가 주인공을 반장으로 미는 과정이 설득력 없이 과장됐다.,2022-04-18T20:02:16Z
URV000149,USR0038,MOV0158,VEW000445,3,꼬리 센서의 감정 수업,로봇 학교의 규칙은 귀엽지만 폐기 위기가 금방 해결돼 긴장은 약했다.,2025-09-25T09:54:01Z
URV000150,USR0038,MOV0189,VEW000446,4.5,미터기와 함께 달린 열두 시간,서울의 새벽 도로를 실제로 달리는 듯한 속도감과 택시기사의 판단이 좋았다.,2026-05-11T15:57:43Z
URV000151,USR0038,MOV0155,VEW000447,4,눈사람이 본 첫 봄꽃,보냉 수레라는 소품이 귀엽고 녹아가는 시간을 우정의 긴장으로 쓴 점이 좋았다.,2025-12-14T06:25:55Z
URV000152,USR0038,MOV0188,VEW000448,2.5,청해진의 바람은 컸다,항해술과 봉수 장면은 근사하지만 내부 첩자의 정체가 너무 쉽게 드러났다.,2026-07-10T07:06:03Z
URV000153,USR0039,MOV0113,VEW000457,2,걷는 물고기의 목적지,통영 밤거리 이미지는 아름답지만 사라진 어부의 사연이 상투적으로 끝났다.,2026-05-22T22:19:55Z
URV000154,USR0039,MOV0034,VEW000458,1.5,타자기 예언의 반복,뉴스와 문장이 맞아떨어지는 장면만 되풀이돼 번역가의 두려움이 깊어지지 않았다.,2026-04-22T03:53:26Z
URV000155,USR0039,MOV0093,VEW000459,2,장례식보다 기술 설명,추모 AI와 유족의 갈등은 좋았지만 데이터 센터 설정을 설명하는 시간이 너무 길었다.,2026-02-21T13:48:46Z
URV000156,USR0039,MOV0125,VEW000460,3,출석부의 빈 이름들,폐교의 적막과 야간 자율학습 소리는 좋았지만 사건의 진실은 예상 범위였다.,2025-05-09T13:08:34Z
URV000157,USR0040,MOV0155,VEW000469,3,봄까지 가는 보냉 수레,여정은 따뜻했지만 중간에 만나는 동물들이 비슷한 조언만 반복했다.,2025-01-22T19:53:38Z
URV000158,USR0040,MOV0150,VEW000470,2.5,색은 많은데 갈등은 하나,벽화 장면은 아름답지만 모든 학생이 한 번에 마음을 바꾸는 결말이 아쉬웠다.,2025-12-19T12:58:06Z
URV000159,USR0040,MOV0194,VEW000471,3,항공로 위의 긴 통화,교신 장면은 사실적이지만 지상 인물들의 개인 서사가 조금 과하게 섞였다.,2025-06-15T20:54:07Z
URV000160,USR0040,MOV0169,VEW000472,3,귀가에 걸린 긴 시간,이동의 불편을 구체적으로 보여 줬지만 인터뷰 장면의 배열은 다소 단조로웠다.,2026-05-13T14:57:44Z
URV000161,USR0041,MOV0032,VEW000481,2,대기표의 비밀이 가벼웠다,병원 야간 업무는 세밀하지만 사망자 호출의 이유가 우연에 기대어 풀렸다.,2025-12-07T04:46:17Z
URV000162,USR0041,MOV0105,VEW000482,2,화분마다 설명표가 붙은 느낌,기억의 꽃을 보여 주기보다 인물들이 계속 규칙을 말해 신비감이 부족했다.,2024-04-11T17:38:17Z
URV000163,USR0041,MOV0049,VEW000483,2.5,교정지 사이의 봄밤,문장을 고치는 장면은 좋았지만 사라진 작가의 비밀이 로맨스를 위해 소비됐다.,2024-07-02T13:19:48Z
URV000164,USR0041,MOV0200,VEW000484,2.5,방패연의 신호는 멋졌다,연 액션은 새롭지만 성 안 인물들의 관계가 단순해 위기의 무게가 덜했다.,2025-12-19T11:54:37Z
URV000165,USR0042,MOV0193,VEW000493,1.5,707호의 긴 복도,폭발 장치 단서가 편의적으로 나타나 열차라는 제한 공간의 장점을 살리지 못했다.,2026-07-09T23:16:20Z
URV000166,USR0042,MOV0118,VEW000494,3.5,책장을 넘길 때 들린 목소리,헌책방의 소리와 가족의 기억이 자연스럽게 이어져 차분한 여운이 남았다.,2026-06-18T03:55:01Z
URV000167,USR0042,MOV0051,VEW000495,2,옥탑방 규칙만 현실적,월세와 생활비 묘사는 좋지만 연애 감정은 대사 몇 줄로 갑자기 바뀌었다.,2026-04-20T16:30:19Z
URV000168,USR0042,MOV0088,VEW000496,2,공통된 꿈의 방,수면센터의 영상은 인상적이지만 공통기억의 근원을 너무 쉽게 설명했다.,2025-12-22T02:26:32Z
URV000169,USR0043,MOV0048,VEW000505,2.5,지도 위 두 사람의 자리,골목 측량이라는 소재는 좋았지만 철거 갈등과 로맨스가 매끄럽게 붙지 않았다.,2026-03-09T09:45:03Z
URV000170,USR0043,MOV0180,VEW000506,3.5,가업이라는 문을 여는 법,서로 다른 업종의 청년 상인이 같은 질문에 다른 답을 내놓는 구성이 좋았다.,2024-01-01T10:15:43Z
URV000171,USR0043,MOV0173,VEW000507,2.5,진동으로 만든 공연,제작 과정은 흥미롭지만 공연자 개인의 목소리가 기술 설명에 묻혔다.,2025-06-24T18:20:04Z
URV000172,USR0043,MOV0177,VEW000508,1,무대 뒤 사람들을 소비했다,스태프의 고된 일을 빠른 몽타주로만 보여 줘 각 직업의 결이 남지 않았다.,2022-11-02T18:32:52Z
URV000173,USR0044,MOV0182,VEW000517,3,진공관 속 암호,경성 전파사와 이동 송신망은 흥미롭지만 추격 장면의 길이가 조금 과했다.,2026-01-30T19:45:46Z
URV000174,USR0044,MOV0129,VEW000518,3.5,반지하 벽 너머의 바다,비가 오지 않아도 젖는 물건들이 현실적인 주거 불안과 잘 맞아 섬뜩했다.,2025-03-04T18:35:50Z
URV000175,USR0044,MOV0125,VEW000519,2,출석부의 답이 너무 빨랐다,폐교 분위기는 좋지만 기간제 교사가 사건을 알아내는 과정이 단순했다.,2025-05-29T12:04:44Z
URV000176,USR0044,MOV0120,VEW000520,2,마법 품절의 소동,지하상가 상인들은 생생했지만 행운을 만드는 결말이 지나치게 교훈적이었다.,2025-05-30T06:15:25Z
URV000177,USR0045,MOV0112,VEW000529,4,민원서류로 지키는 산,산신령의 주민등록이라는 유머와 개발 반대 갈등이 예상보다 자연스럽게 어울렸다.,2026-07-03T21:00:17Z
URV000178,USR0045,MOV0031,VEW000530,3.5,대출카드가 숨긴 장부,지하서고의 곰팡이 냄새까지 느껴지는 듯했고 기록물 보존사의 추적도 차분했다.,2026-03-27T10:07:07Z
URV000179,USR0045,MOV0045,VEW000531,2.5,신청곡 뒤의 익명 사연,심야 라디오 감성은 좋지만 사연의 주인공을 알아보는 과정이 너무 우연했다.,2026-05-06T11:20:14Z
URV000180,USR0045,MOV0032,VEW000532,3,마지막으로 불린 번호,원무과의 서류 작업이 세밀했지만 범인의 목적은 다른 병원 미스터리와 비슷했다.,2026-05-20T16:21:19Z
URV000181,USR0046,MOV0177,VEW000541,1.5,열두 명을 기억하기 어려웠다,직업을 소개하는 자막이 많아 실제 무대 뒤의 긴장과 감정이 살아나지 않았다.,2026-07-16T11:04:50Z
URV000182,USR0046,MOV0053,VEW000542,4,사진에서 지워진 사람을 찾아서,보정 화면과 제주 해안을 오가는 구성이 매끄럽고 바람 없는 사진이라는 제목도 좋았다.,2026-03-03T12:37:36Z
URV000183,USR0046,MOV0198,VEW000543,2,남산 추격의 익숙함,활판 인쇄 과정은 흥미로운데 정보기관과의 대결은 전형적인 장면이 많았다.,2023-05-20T19:58:27Z
URV000184,USR0046,MOV0135,VEW000544,4,사진마다 늘어나는 빈 의자,한옥 사진관의 정적인 화면과 의자의 변화만으로 공포를 쌓는 방식이 좋았다.,2026-06-15T11:18:28Z
URV000185,USR0047,MOV0010,VEW000553,4,재봉틀이 기억한 교복,수선사의 손동작과 장마 소리가 어우러져 오래 기다린 사람의 마음이 잘 전해졌다.,2024-05-23T14:00:35Z
URV000186,USR0047,MOV0064,VEW000554,2.5,세입자 대표의 공약,아파트 공지는 현실적이지만 선거 소동이 후반에 너무 과장됐다.,2026-06-02T23:53:22Z
URV000187,USR0047,MOV0184,VEW000555,1.5,예인선이 길을 잃었다,항만 액션은 크지만 실종된 동생 이야기가 억지 반전을 거듭해 피로했다.,2026-04-02T19:08:02Z
URV000188,USR0047,MOV0109,VEW000556,2,크루아상 한 시간 전,빵을 먹고 시간을 돌리는 재미보다 규칙 설명과 후회 장면이 반복돼 늘어졌다.,2026-03-18T03:23:28Z
URV000189,USR0048,MOV0094,VEW000565,2,생수 한 병의 좌표,무인도 배송의 이유는 흥미롭지만 관제사가 규정을 깨는 과정이 너무 쉽게 넘어갔다.,2025-08-31T06:23:54Z
URV000190,USR0048,MOV0004,VEW000566,2.5,돌아온 편지의 겨울,군산의 풍경은 좋았지만 우편집배원의 가족사가 미스터리보다 앞서 흐름이 무거웠다.,2025-07-24T12:12:08Z
URV000191,USR0048,MOV0146,VEW000567,3,옷장 괴물의 상추밭,괴물이 채식주의자라는 설정은 귀엽지만 가족에게 들키는 위기가 금방 해결됐다.,2025-10-30T18:16:24Z
URV000192,USR0048,MOV0087,VEW000568,3,달로 떠나는 승강장,우주 엘리베이터의 1층 풍경은 좋았지만 아이를 숨기는 이유가 조금 작위적이었다.,2025-02-05T03:32:55Z
URV000193,USR0049,MOV0112,VEW000577,4,산신령 민원 처리 완료,공무원의 서류 언어와 설화 속 존재들의 요구가 부딪히는 장면마다 재치가 있었다.,2021-12-07T22:11:46Z
URV000194,USR0049,MOV0194,VEW000578,3,관제실의 마지막 목소리,착륙 교신은 긴장됐지만 조종사 과거 회상이 자주 끼어 속도가 줄었다.,2026-03-31T03:40:17Z
URV000195,USR0049,MOV0049,VEW000579,2.5,미완성 원고의 문장들,교정 과정은 섬세하지만 작가의 실종과 두 사람의 로맨스가 억지로 겹쳐졌다.,2023-06-20T14:37:36Z
URV000196,USR0049,MOV0149,VEW000580,3,느림이 이긴 철도대회,정글역 디자인은 재미있지만 경주 참가자들의 성격이 단순했다.,2026-03-30T23:42:02Z
URV000197,USR0050,MOV0022,VEW000589,3.5,지하 4층의 조작된 방송,침수 수위가 오르는 동안 시설기사가 안내방송을 의심하는 흐름이 탄탄했다.,2025-07-09T07:26:56Z
URV000198,USR0050,MOV0099,VEW000590,3,우주우편의 폐점 시간,빛의 지연을 활용한 감정은 좋았지만 중계소의 기술 설명이 조금 길었다.,2025-09-18T02:53:55Z
URV000199,USR0050,MOV0135,VEW000591,3,앨범 속 빈 의자,정적인 사진 공포는 좋았으나 가족 비밀의 정체는 익숙한 편이었다.,2025-11-11T06:55:18Z
URV000200,USR0050,MOV0175,VEW000592,3,도시가 잠든 콜센터,상담사들의 목소리는 진솔했지만 인터뷰 순서가 비슷해 후반 집중력이 떨어졌다.,2026-01-22T02:08:58Z
URV000201,USR0051,MOV0132,VEW000601,2.5,벽지 아래의 집,습기와 맥박 소리는 좋았지만 도배 기사가 탈출하는 방식이 너무 편리했다.,2025-06-25T19:04:49Z
URV000202,USR0051,MOV0062,VEW000602,2,외계인보다 배달앱,치킨집 생활 묘사는 웃겼지만 외계 손님의 능력이 장면마다 달라 혼란스러웠다.,2026-06-25T03:34:15Z
URV000203,USR0051,MOV0131,VEW000603,2.5,어제를 여는 현관문,반복되는 하루의 단서는 좋지만 상담원이 진실을 알아차리는 속도가 너무 느렸다.,2025-12-29T23:12:27Z
URV000204,USR0051,MOV0105,VEW000604,1.5,기억 화원의 과한 눈물,식물과 추억의 연결을 음악으로 계속 강조해 감정이 자연스럽지 않았다.,2025-10-19T23:06:50Z
URV000205,USR0052,MOV0043,VEW000613,2.5,비행운과 반송 소포,종이학 장면은 예쁘지만 떠난 연인의 선택을 충분히 이해하기 어려웠다.,2026-07-03T14:33:45Z
URV000206,USR0052,MOV0057,VEW000614,2.5,비어 있는 한 좌석,객석 안내원의 관찰은 좋았지만 조명감독의 비밀이 예상보다 평범했다.,2025-11-29T06:49:19Z
URV000207,USR0052,MOV0108,VEW000615,3,종이배 편지의 수로,소년의 시선은 따뜻했지만 미래 편지의 규칙이 조금 모호했다.,2026-05-09T13:23:56Z
URV000208,USR0052,MOV0165,VEW000616,1,수리 장인의 손만 스쳤다,전자부품 화면은 많지만 장인들의 삶과 도시 변화가 깊게 연결되지 않았다.,2025-11-04T22:08:52Z
URV000209,USR0053,MOV0155,VEW000625,3,봄 소풍의 마지막 눈,따뜻한 이야기지만 여정의 장애물들이 비슷한 방식으로 해결됐다.,2025-07-13T19:53:23Z
URV000210,USR0053,MOV0192,VEW000626,2,전쟁 사진의 우연,사진사가 핵심 정보를 찍는 과정과 피란선을 만나는 장면이 너무 우연에 의존했다.,2025-01-13T07:12:57Z
URV000211,USR0053,MOV0197,VEW000627,2.5,드론 레이스의 응급 배송,한강 비행 장면은 시원하지만 견습생의 과거가 전형적으로 그려졌다.,2024-12-04T01:59:45Z
URV000212,USR0053,MOV0055,VEW000628,2,예약할 수 없는 첫눈,기상관측 장면은 좋았지만 오래된 약속을 둘러싼 오해가 지나치게 길었다.,2026-05-09T17:52:21Z
URV000213,USR0054,MOV0038,VEW000637,3,붉은 실로 묶인 신고서,폐경찰서 문서고의 분위기는 좋지만 공통 주소의 비밀은 쉽게 예상됐다.,2026-02-21T14:59:52Z
URV000214,USR0054,MOV0001,VEW000638,4,세탁소에서 시작된 이웃 지도,옷에 남은 흔적만으로 사람을 이해하려는 태도가 따뜻하고 과장되지 않았다.,2024-01-28T06:38:36Z
URV000215,USR0054,MOV0159,VEW000639,4.5,밀물 전에 전한 작별 편지,옆걸음으로 달리는 게 우체부의 움직임이 재치 있고 마지막 모래성 장면이 뭉클했다.,2026-02-10T20:53:24Z
URV000216,USR0054,MOV0128,VEW000640,2.5,물때표 밖의 발자국,갯벌의 공포는 생생하지만 관광객들의 비밀이 서로 비슷해 후반이 약했다.,2023-01-27T05:45:05Z
URV000217,USR0055,MOV0061,VEW000649,2.5,잠입한 부장님의 회식,오피스 풍자는 웃겼지만 대표의 정체를 오래 숨기는 장치가 억지스러웠다.,2025-10-12T03:19:58Z
URV000218,USR0055,MOV0197,VEW000650,2,한강 드론의 과속,비행 장면은 좋지만 응급 혈액을 둘러싼 악당의 계획이 설득력 없었다.,2025-08-12T08:37:02Z
URV000219,USR0055,MOV0062,VEW000651,3,튀김기 옆 외계 직원,치킨집 사장의 생활 연기가 좋았지만 외계인의 고향 이야기는 조금 뻔했다.,2026-07-18T19:54:45Z
URV000220,USR0055,MOV0049,VEW000652,3.5,교정 부호로 가까워진 두 사람,미완성 원고의 문장을 함께 고치는 장면들이 차분하고 봄밤의 분위기도 좋았다.,2026-05-08T08:57:14Z
URV000221,USR0056,MOV0135,VEW000661,3.5,빈 의자가 늘어나는 사진,유품 정리사의 시선이 차분해서 작은 변화가 더 무섭게 다가왔다.,2025-02-15T08:50:29Z
URV000222,USR0056,MOV0105,VEW000662,1,꽃이 피기 전에 지친다,기억 화분의 규칙을 반복해서 듣느라 가족의 상처에 몰입하기 어려웠다.,2025-10-01T06:36:15Z
URV000223,USR0056,MOV0075,VEW000663,1.5,동호회 소동이 길었다,배드민턴 팀의 캐릭터가 과장돼 전국대회를 준비하는 진심이 잘 보이지 않았다.,2026-07-15T04:20:43Z
URV000224,USR0056,MOV0056,VEW000664,3.5,숫자와 감각으로 읽는 바다,조류표를 믿는 연구원과 파도를 몸으로 아는 잠수부의 차이가 선명했다.,2024-01-16T02:21:40Z
URV000225,USR0057,MOV0082,VEW000673,1,기억 삭제 버튼만 남았다,상담사의 윤리 고민보다 기술 반전과 추격에 집중해 설정의 무게가 가벼워졌다.,2026-01-02T19:00:17Z
URV000226,USR0057,MOV0176,VEW000674,3.5,연어가 기억한 강,하천 구조물과 옛 사진을 나란히 보여 주는 구성이 차분하고 설득력 있었다.,2024-02-15T15:20:04Z
URV000227,USR0057,MOV0126,VEW000675,2,빈소의 흰 신발,조문객들의 모습은 섬뜩하지만 장례지도사의 과거가 너무 편리하게 연결됐다.,2026-06-15T21:59:13Z
URV000228,USR0057,MOV0167,VEW000676,3,빈 교실의 세 세대,졸업생들의 기억 차이는 흥미롭지만 인터뷰 화면이 반복돼 리듬이 단조로웠다.,2022-12-03T23:09:07Z
URV000229,USR0058,MOV0014,VEW000685,3,고시원의 사라진 계약서,주거 현실은 잘 담겼지만 시험생이 문제를 해결하는 과정은 다소 이상적이었다.,2026-03-25T13:39:53Z
URV000230,USR0058,MOV0116,VEW000686,2.5,새벽 청소와 별 조각,이미지는 따뜻하지만 별이 소원을 해결하는 방식이 후반에 반복됐다.,2026-04-29T16:00:05Z
URV000231,USR0058,MOV0020,VEW000687,1.5,서른한 번의 감동 강요,달력의 약속마다 음악이 커져 모녀 관계가 실제보다 꾸며진 느낌이었다.,2026-06-05T12:39:51Z
URV000232,USR0058,MOV0200,VEW000688,2.5,연 신호의 멋과 빈 인물,방패연 액션은 좋지만 장인의 가족과 성 안 사람들은 기능적으로만 보였다.,2026-03-09T09:43:07Z
URV000233,USR0059,MOV0178,VEW000697,2.5,고향을 옮기는 단어,통역사의 고민은 좋지만 사례가 짧게 이어져 한 사람의 변화가 보이지 않았다.,2026-07-11T12:30:31Z
URV000234,USR0059,MOV0126,VEW000698,1,빈 장례식의 뻔한 비밀,흰 운동화 단서가 너무 자주 강조돼 반전이 초반부터 보였다.,2026-05-19T05:42:54Z
URV000235,USR0059,MOV0196,VEW000699,4,거짓 국경선을 바로잡는 지도,측량 도구를 활용한 산악 추격이 새롭고 지도 제작자의 선택도 설득력 있었다.,2026-06-26T09:25:00Z
URV000236,USR0059,MOV0040,VEW000700,3.5,어제의 일기로 열린 데이터센터,개인의 추억이 비밀번호가 되는 설정이 좋았고 보안관제 화면도 이해하기 쉬웠다.,2025-09-07T20:49:55Z
URV000237,USR0060,MOV0089,VEW000709,4,가난한 동네에 장마를 돌려주다,날씨를 거래하는 시장의 규칙이 구체적이고 인공강우 작전도 흥미로웠다.,2026-04-08T12:30:24Z
URV000238,USR0060,MOV0112,VEW000710,3.5,케이블카보다 오래된 민원,산신령들의 요구가 단순한 농담에 그치지 않고 개발 갈등으로 이어져 좋았다.,2023-09-23T22:30:33Z
URV000239,USR0060,MOV0051,VEW000711,1,월세만 현실적인 로맨스,옥탑 생활은 세밀하지만 고백 장면은 갑작스럽고 대사도 어색했다.,2025-12-19T12:27:22Z
URV000240,USR0060,MOV0015,VEW000712,3,귤밭의 가족은 좋았다,폭설 수확 장면은 생생하지만 방송을 그만둔 이유가 충분히 설명되지 않았다.,2025-05-11T05:16:13Z
URV000241,USR0061,MOV0106,VEW000721,1,바람 속 말이 들리지 않았다,시적인 설정과 달리 인물 감정은 정해진 순서로만 움직여 지루했다.,2026-03-07T02:13:30Z
URV000242,USR0061,MOV0137,VEW000722,3.5,전원 없는 집의 초인종,인터폰 화면 속 인물이 조금씩 다가오는 변화가 단순하지만 효과적으로 무서웠다.,2026-02-17T20:35:07Z
URV000243,USR0061,MOV0087,VEW000723,2.5,1층에 남은 안내원,우주 이주의 계급 차이는 흥미롭지만 아이를 숨기는 과정이 지나치게 쉽게 풀렸다.,2025-02-27T12:31:07Z
URV000244,USR0061,MOV0192,VEW000724,3.5,필름통을 지킨 사진사,작전보다 피란민의 얼굴을 선택한 시선이 좋았고 인천항의 혼란도 선명했다.,2023-09-11T06:07:58Z
URV000245,USR0062,MOV0097,VEW000733,4.5,신호가 끊긴 집의 선택,편리함을 포기하고 감시를 피한 주민들의 생활이 구체적이라 결말까지 생각할 거리가 많았다.,2026-05-04T02:28:07Z
URV000246,USR0062,MOV0143,VEW000734,2.5,종이컵 행성의 반복 모험,재활용 세계는 귀엽지만 각 행성의 문제가 비슷해 중반부터 흐름이 예상됐다.,2025-10-21T13:06:35Z
URV000247,USR0062,MOV0027,VEW000735,2,수중음의 비밀이 얕았다,해저터널의 분위기는 훌륭했지만 침몰선 은폐가 익숙한 음모로 끝났다.,2023-11-26T12:35:57Z
URV000248,USR0062,MOV0023,VEW000736,3.5,파형에 숨은 17초,휴대전화 복원 과정이 자세하고 엘리베이터 배경음을 좁혀 가는 장면이 긴장됐다.,2025-01-22T09:26:36Z
URV000249,USR0063,MOV0114,VEW000745,3.5,무료 나눔 거울의 주인,중고거래 말투와 고고학자의 전문성이 잘 섞여 가볍지만 신선했다.,2025-09-26T13:41:49Z
URV000250,USR0063,MOV0183,VEW000746,2,검을 벼리는 시간만 길었다,대장간 작업은 멋졌지만 산성 전투 전에 인물 관계를 충분히 쌓지 못했다.,2025-07-20T21:05:36Z
URV000251,USR0063,MOV0194,VEW000747,4,관제탑 밖의 숨은 항로,제주 관제사의 판단과 화산재를 뚫는 비행 장면이 끝까지 팽팽했다.,2025-12-20T16:02:55Z
URV000252,USR0063,MOV0098,VEW000748,3.5,열일곱 살이 된 인공지능,가족 대화와 학습 오류를 사춘기 감정으로 엮은 발상이 다정했다.,2026-03-09T00:06:41Z
URV000253,USR0064,MOV0163,VEW000757,2.5,풍력계보다 느린 이야기,현장 풍경은 생생하지만 주민들의 갈등이 비슷한 장면으로 반복됐다.,2025-09-29T19:47:21Z
URV000254,USR0064,MOV0104,VEW000758,3,찢어진 구름을 꿰매는 오후,구름 수선소의 미술은 예뻤지만 중반의 모험은 예상 가능한 길을 갔다.,2026-03-07T07:52:03Z
URV000255,USR0064,MOV0014,VEW000759,4,집보다 먼저 생긴 식구,보증금 문제를 청년들의 공동 부엌과 우정으로 풀어낸 온도가 좋았다.,2024-12-30T08:31:50Z
URV000256,USR0064,MOV0058,VEW000760,1.5,낮잠처럼 늘어진 재회,전화 한 통을 기다리는 설정은 좋았지만 대화가 자꾸 제자리로 돌아왔다.,2022-08-19T16:55:02Z
URV000257,USR0065,MOV0077,VEW000769,3.5,정시 퇴근을 위한 작은 반란,야근 문화 풍자가 웃기면서도 팀원들의 선택을 가볍게 넘기지 않았다.,2025-10-08T13:40:20Z
URV000258,USR0065,MOV0014,VEW000770,3.5,계약서보다 단단한 약속,낡은 셰어하우스 안에서 서로의 보증금이 되어 주는 결말이 따뜻했다.,2024-06-27T05:21:08Z
URV000259,USR0065,MOV0145,VEW000771,2.5,책벌레의 식성이 아쉽다,도서관을 갉아 먹는 설정에 비해 모험 규칙이 단순해 금방 익숙해졌다.,2024-11-01T05:49:12Z
URV000260,USR0065,MOV0175,VEW000772,2.5,새벽 상담의 반복음,콜센터 노동 묘사는 구체적이지만 사연들이 하나의 결론으로 급히 모였다.,2025-08-21T03:00:47Z
URV000261,USR0066,MOV0167,VEW000781,3.5,교실 불이 꺼지지 않던 시절,야간 자율학습을 기억하는 서로 다른 목소리가 세대의 공기를 살렸다.,2023-02-22T20:12:56Z
URV000262,USR0066,MOV0158,VEW000782,3,꼬리를 흔드는 법을 배우다,로봇 강아지와 아이의 우정은 귀엽지만 악역의 변화가 조금 빨랐다.,2025-05-21T20:04:36Z
URV000263,USR0066,MOV0102,VEW000783,4,양말과 근심을 함께 세탁,도깨비가 운영하는 빨래방의 규칙과 손님 사연이 유쾌하게 맞물렸다.,2026-01-21T11:17:48Z
URV000264,USR0066,MOV0096,VEW000784,2.5,막차는 화성보다 멀었다,우주 통근 열차의 풍경은 신선했지만 추격전의 이유가 약했다.,2025-10-02T07:46:32Z
URV000265,USR0067,MOV0018,VEW000793,4,냉장고 문에 남은 가족사,오래된 반찬과 계절을 통해 가족의 빈자리를 보여 주는 방식이 섬세했다.,2024-05-23T20:50:30Z
URV000266,USR0067,MOV0059,VEW000794,4,끝난 뒤에 시작된 영화,폐관 극장의 두 번째 엔딩이 영화 만드는 사람들의 마음을 진하게 남겼다.,2024-06-24T22:28:39Z
URV000267,USR0067,MOV0113,VEW000795,2.5,한강을 걷는 물고기의 밤길,한강 야경은 환상적이지만 물고기의 여행이 중반부터 산만해졌다.,2025-12-08T22:39:23Z
URV000268,USR0067,MOV0053,VEW000796,3,렌즈에 잡히지 않은 바람,사진가와 기상 관측원의 관계는 좋았지만 마지막 선택이 다소 설명적이었다.,2026-05-24T04:37:25Z
URV000269,USR0068,MOV0070,VEW000805,2.5,사회를 보느라 놓친 신랑신부,결혼식 소동은 웃겼지만 주변 인물이 너무 많이 등장해 중심이 흐려졌다.,2026-04-25T08:21:01Z
URV000270,USR0068,MOV0012,VEW000806,1.5,구두가 걷고 사람은 멈췄다,행방을 좇는 과정이 우연에 기대고 결말의 감정도 충분히 쌓이지 않았다.,2026-06-12T03:02:46Z
URV000271,USR0068,MOV0146,VEW000807,3,채소만 먹는 괴물의 저녁,가족 식탁을 지키려는 괴물은 사랑스러웠지만 교훈이 조금 직접적이었다.,2026-03-04T21:12:20Z
URV000272,USR0068,MOV0153,VEW000808,2.5,남쪽으로 간 북극여우,기후 메시지는 분명하나 여행 에피소드의 연결이 매끄럽지 못했다.,2026-02-21T21:52:24Z
URV000273,USR0069,MOV0061,VEW000817,2.5,잠입보다 긴 회의,부장님의 위장 취업은 재미있지만 회사 풍자가 익숙한 수준에 머물렀다.,2026-07-06T03:16:29Z
URV000274,USR0069,MOV0048,VEW000818,3,우편번호가 가른 거리,서로 다른 동네를 오가는 편지는 좋았지만 오해가 너무 오래 이어졌다.,2024-06-25T18:03:52Z
URV000275,USR0069,MOV0149,VEW000819,3,느려도 도착하는 특급,나무늘보 기관사의 호흡은 귀엽지만 어린 관객에게도 중반이 길게 느껴질 듯하다.,2024-05-01T07:46:47Z
URV000276,USR0069,MOV0067,VEW000820,4,퇴근 뒤 시작되는 추리,평범한 회계 직원이 동네 사건을 장부로 푸는 과정이 영리하고 경쾌했다.,2025-12-09T21:45:53Z
URV000277,USR0070,MOV0060,VEW000829,2,자막이 놓친 마음,번역을 소재로 삼았지만 두 주인공의 갈등이 같은 대사를 반복해 답답했다.,2026-07-18T09:24:59Z
URV000278,USR0070,MOV0050,VEW000830,1,온실의 온도만 남았다,저녁 여섯 시라는 약속이 왜 중요한지 끝까지 납득하기 어려웠다.,2026-04-04T03:31:16Z
URV000279,USR0070,MOV0187,VEW000831,4,불길 앞에 선 경계선,산불 진화대의 판단과 마을 사람들의 대피가 현실적인 긴장으로 이어졌다.,2025-04-16T22:10:31Z
URV000280,USR0070,MOV0028,VEW000832,1.5,봉투는 달리고 추리는 멈춘다,불법 자금의 경로가 복잡한 척하지만 결정적 단서가 지나치게 편리했다.,2025-12-30T22:55:23Z
URV000281,USR0071,MOV0003,VEW000841,3,승강장에 남은 여름 냄새,기차를 기다리는 청춘들의 하루는 정겹지만 몇몇 사연은 급히 닫혔다.,2026-02-27T19:47:45Z
URV000282,USR0071,MOV0183,VEW000842,1.5,검술보다 무거운 설정,해동검의 전설을 설명하는 데 시간을 써서 인물의 감정이 보이지 않았다.,2025-08-26T11:30:53Z
URV000283,USR0071,MOV0034,VEW000843,2.5,벽을 두드리는 타자음,소리는 매력적이지만 옆방의 비밀을 푸는 방식이 예상대로 흘렀다.,2025-07-23T05:29:11Z
URV000284,USR0071,MOV0009,VEW000844,3,유리창에 번진 익명의 위로,목소리만으로 이어지는 관계가 좋았지만 정체 공개는 다소 작위적이었다.,2025-12-18T03:06:13Z
URV000285,USR0072,MOV0039,VEW000853,1,표 한 장으로 버틴 이야기,검표원의 죄책감이 반복 독백에 머물러 사건의 무게가 살아나지 않았다.,2024-07-24T04:28:56Z
URV000286,USR0072,MOV0068,VEW000854,3,아버지의 늦은 데뷔 평가,아이돌 연습 과정은 웃기고 따뜻했지만 경연 결말은 뻔했다.,2026-01-14T14:10:29Z
URV000287,USR0072,MOV0161,VEW000855,3,시장보다 먼저 깨어난 목소리,상인들의 사연은 생생하지만 내레이션이 장면의 의미를 너무 자주 설명했다.,2025-08-24T10:28:16Z
URV000288,USR0072,MOV0035,VEW000856,4.5,빨간 코트가 남긴 종점,막차 기사와 의문의 승객을 묶은 반전이 치밀하고 여운도 길었다.,2026-05-18T10:18:40Z
URV000289,USR0073,MOV0043,VEW000865,3.5,접힌 비행운의 방향,종이비행기처럼 망설이는 두 사람의 감정을 하늘 이미지로 잘 담았다.,2025-07-21T16:34:54Z
URV000290,USR0073,MOV0151,VEW000866,3.5,반달곰의 숲 일기,야생동물의 시선과 탐방객의 흔적을 섬세한 애니메이션으로 보여 줬다.,2026-07-02T16:50:27Z
URV000291,USR0073,MOV0090,VEW000867,2.5,멈출 수 없는 도시의 피로,질주하는 도시 설정은 강렬하지만 인물 관계가 기능적으로만 쓰였다.,2026-01-04T17:58:11Z
URV000292,USR0073,MOV0092,VEW000868,3.5,중력이 사라진 한낮,공중에 뜬 물건과 사람을 활용한 장면들이 기발하고 감정선도 안정적이었다.,2026-05-30T19:56:25Z
URV000293,USR0074,MOV0038,VEW000877,2.5,분실 신고 속 봉인된 진실,경찰서 야간 근무의 분위기는 좋지만 비밀의 정체가 익숙했다.,2026-07-12T10:22:04Z
URV000294,USR0074,MOV0195,VEW000878,3.5,검은 파도를 통과한 잠수정,해상 작전의 공간감과 대원들의 호흡이 묵직하게 살아 있었다.,2026-02-20T23:27:12Z
URV000295,USR0074,MOV0098,VEW000879,3,오류 메시지로 말하는 아이,인공지능의 감정 표현은 귀엽지만 가족 화해가 너무 빠르게 정리됐다.,2026-05-18T22:02:22Z
URV000296,USR0074,MOV0028,VEW000880,2,추적할수록 흐려지는 경로,봉투 전달 장면은 긴장됐지만 배후 인물이 평면적이라 힘이 빠졌다.,2025-05-31T18:46:37Z
URV000297,USR0075,MOV0031,VEW000889,3,보관함이 잠들지 못한 이유,심야 물품 보관소의 사연들은 흥미롭지만 결말의 연결은 다소 억지였다.,2024-09-19T21:42:21Z
URV000298,USR0075,MOV0066,VEW000890,2.5,임시 반장의 영구 회의,골목 민원 풍자는 재미있지만 비슷한 소동이 반복돼 리듬이 처졌다.,2025-07-15T02:04:08Z
URV000299,USR0075,MOV0078,VEW000891,2,사장 없는 가게의 혼란,직원들의 자율 운영이 금세 소동극으로만 흘러 아쉬웠다.,2026-06-10T10:46:24Z
URV000300,USR0075,MOV0164,VEW000892,1.5,한 그릇에 너무 많은 사연,이주 노동자의 음식 이야기를 여러 갈래로 벌였지만 어느 인물도 깊지 않았다.,2026-07-15T01:06:13Z
URV000301,USR0076,MOV0037,VEW000901,3,새벽 엘리베이터의 층수,멈춘 층마다 드러나는 사연은 흥미롭지만 범인의 동기는 약했다.,2026-01-17T13:31:39Z
URV000302,USR0076,MOV0049,VEW000902,3,천천히 번역된 봄밤,통역사의 망설임을 잘 담았지만 후반의 재회는 조금 서둘렀다.,2026-01-26T14:53:06Z
URV000303,USR0076,MOV0005,VEW000903,3.5,우산을 빌리고 마음을 돌려주다,비 오는 골목과 대여 장부가 낯선 사람들을 자연스럽게 이어 줬다.,2025-12-24T05:54:34Z
URV000304,USR0076,MOV0176,VEW000904,3.5,연어가 기억한 강의 길,하천 복원 현장을 연어의 이동과 겹친 구성이 차분하고 설득력 있었다.,2026-04-30T16:04:19Z
URV000305,USR0077,MOV0045,VEW000913,1.5,라디오가 끝나자 이야기도 꺼졌다,심야 방송의 사연이 관계를 움직이기보다 분위기 장식에 머물렀다.,2025-08-03T20:08:21Z
URV000306,USR0077,MOV0163,VEW000914,3.5,바람의 숫자와 사람의 표정,풍력단지를 둘러싼 주민과 연구자의 대화를 균형 있게 담았다.,2026-01-09T22:02:17Z
URV000307,USR0077,MOV0005,VEW000915,3,파란 우산 아래의 인연,소박한 골목 정서는 좋았지만 우산 주인의 비밀은 쉽게 짐작됐다.,2024-02-22T14:25:49Z
URV000308,USR0077,MOV0074,VEW000916,2.5,화분의 채용 기준,반려식물이 면접관이라는 농담은 신선했지만 장편으로 끌 힘은 부족했다.,2023-06-15T16:06:02Z
URV000309,USR0078,MOV0030,VEW000925,2,신호등 없는 추적,정전된 교차로는 인상적이지만 사건 해결이 주인공의 직감에만 의존했다.,2025-02-16T06:45:37Z
URV000310,USR0078,MOV0037,VEW000926,4.5,열리지 않는 문 안의 새벽,밀폐된 엘리베이터와 층별 단서가 촘촘해 끝까지 손에 땀을 쥐었다.,2024-12-17T23:01:04Z
URV000311,USR0078,MOV0125,VEW000927,2,출석부만 무서웠다,빈 교실의 소리는 섬뜩했지만 학생들의 비밀이 전형적이었다.,2026-05-12T18:07:21Z
URV000312,USR0078,MOV0016,VEW000928,2,마지막 손님의 뻔한 사연,사진관의 질감은 좋았지만 가족사진에 숨은 진실이 너무 예상 가능했다.,2026-02-14T11:39:56Z
URV000313,USR0079,MOV0137,VEW000937,3,초인종이 울리지 않는 집,생활 공포의 시작은 좋았지만 정체를 드러낸 뒤 긴장이 빠르게 줄었다.,2026-02-03T03:07:03Z
URV000314,USR0079,MOV0133,VEW000938,2,녹음기 밖의 비명,음향 설정은 매력적이지만 인물들이 위험한 선택만 반복해 몰입이 깨졌다.,2025-11-21T14:18:02Z
URV000315,USR0079,MOV0196,VEW000939,4,지도 한 장이 바꾼 왕국,옛 지형과 권력의 경계를 함께 읽는 지도 제작자의 활약이 근사했다.,2026-04-28T08:28:08Z
URV000316,USR0079,MOV0082,VEW000940,2.5,기억 얼룩은 지워지지 않는다,세탁소의 시각적 아이디어는 좋지만 기억 거래의 규칙이 들쭉날쭉했다.,2024-10-14T18:30:14Z
URV000317,USR0080,MOV0200,VEW000949,3.5,하늘에 띄운 마지막 방패,방패연을 이용한 전투와 장인의 선택이 한국적인 액션으로 살아났다.,2026-02-10T22:11:20Z
URV000318,USR0080,MOV0052,VEW000950,2.5,추억만 재생된 목록,2007년 노래들은 반갑지만 연애 서사가 복고 분위기에 기대는 편이다.,2026-03-14T21:27:13Z
URV000319,USR0080,MOV0197,VEW000951,2,드론만 빠른 레이스,야간 도심 촬영은 화려하지만 경쟁자들의 사연이 얕아 승부가 심심했다.,2026-01-10T08:36:25Z
URV000320,USR0080,MOV0017,VEW000952,3,의자 하나가 지킨 정류장,동네 사람들의 기다림을 담담히 보여 주지만 후반의 설명은 과했다.,2024-05-09T05:07:56Z
URV000321,USR0081,MOV0006,VEW000961,4.5,바다로 향한 막차의 온기,밤 버스 승객들의 사연과 동해의 새벽이 아름답게 이어졌다.,2025-10-27T11:10:30Z
URV000322,USR0081,MOV0002,VEW000962,2.5,고장 난 별의 불빛,을지로 기술자들의 손맛은 좋지만 판타지 규칙이 충분히 정리되지 않았다.,2026-03-09T22:11:23Z
URV000323,USR0081,MOV0078,VEW000963,3,사장님 없는 일주일,가게를 지키는 직원들의 소동은 유쾌하지만 결말은 무난했다.,2026-03-23T07:24:49Z
URV000324,USR0081,MOV0190,VEW000964,3,눈길 구조의 정석,산악 구조 장면은 탄탄하지만 대원의 개인사는 익숙한 공식에 가깝다.,2025-12-18T18:19:15Z
URV000325,USR0082,MOV0152,VEW000973,1.5,양말 짝을 찾다 길을 잃다,캐릭터는 귀엽지만 잃어버린 짝을 찾는 여정이 같은 패턴을 반복했다.,2025-12-23T16:28:00Z
URV000326,USR0082,MOV0093,VEW000974,1.5,알고리즘의 장례는 지루했다,추천 시스템 풍자가 단순한 대사로만 이어져 생각할 여지가 적었다.,2025-04-12T08:22:41Z
URV000327,USR0082,MOV0023,VEW000975,3.5,17초가 바꾼 수사 방향,짧은 음성메모의 잡음을 분석하는 과정이 현실적이고 긴장감 있었다.,2026-06-07T12:12:26Z
URV000328,USR0082,MOV0048,VEW000976,2,우편번호보다 먼 두 사람,서로를 찾지 못하는 이유가 억지 오해에 기대어 답답했다.,2026-01-01T10:30:32Z
URV000329,USR0083,MOV0048,VEW000985,2.5,편지는 좋고 만남은 아쉽다,손편지 장면은 따뜻하지만 재회 이후의 대화가 평범했다.,2024-04-29T23:44:42Z
URV000330,USR0083,MOV0118,VEW000986,3.5,병 속에 담긴 목소리,사라지는 소리를 모으는 직업과 가족의 기억을 잇는 설정이 인상적이었다.,2026-04-26T13:28:23Z
URV000331,USR0083,MOV0024,VEW000987,3,창문 대신 진열대가 본 밤,심야 편의점의 폐쇄감은 좋았지만 마지막 단서가 다소 노골적이었다.,2024-06-08T15:22:55Z
URV000332,USR0083,MOV0111,VEW000988,2,그림자만 남은 설정,이름을 주면 살아난다는 규칙이 뒤로 갈수록 편의적으로 바뀌었다.,2024-12-15T16:05:16Z
URV000333,USR0084,MOV0144,VEW000997,1.5,달팽이보다 느린 전개,빠른 편지를 배달한다는 역설 외에는 기억할 만한 사건이 부족했다.,2026-07-07T09:52:29Z
URV000334,USR0084,MOV0014,VEW000998,3,방 한 칸의 생활 연대,주거 불안을 따뜻하게 풀었지만 집주인 문제는 쉽게 해결됐다.,2026-05-14T11:54:49Z
URV000335,USR0084,MOV0059,VEW000999,4,스크린이 다시 켜진 순간,폐관 극장을 지키는 사람들의 선택이 과장 없이 뭉클했다.,2026-03-28T18:38:05Z
URV000336,USR0084,MOV0183,VEW001000,1,전설만 있고 사람이 없다,검의 역사 설명이 길고 주인공의 선택은 설득력이 부족했다.,2026-07-08T12:34:34Z
URV000337,USR0085,MOV0048,VEW001009,2.5,편지의 온도만 선명했다,지역의 풍경은 예쁘지만 두 사람의 갈등이 작위적으로 이어졌다.,2024-07-18T14:10:22Z
URV000338,USR0085,MOV0199,VEW001010,3,바람을 기록하는 섬의 하루,기상 관측 장면은 좋았지만 대원들의 일상 에피소드가 고르게 깊지는 않았다.,2026-06-24T04:48:53Z
URV000339,USR0085,MOV0166,VEW001011,2,겨울 논에 남은 약속,농촌의 풍경은 담겼지만 갈등과 화해가 예상한 순서대로 흘렀다.,2026-05-17T22:17:06Z
URV000340,USR0085,MOV0131,VEW001012,3,문밖의 어제로 한 걸음,시간이 뒤틀린 아파트는 흥미롭지만 규칙 설명이 부족했다.,2026-06-05T20:49:45Z
URV000341,USR0086,MOV0175,VEW001021,2.5,새벽 목소리의 무게,상담원의 감정 노동은 진솔하지만 사연 배치가 다소 계산적으로 느껴졌다.,2025-09-18T21:24:30Z
URV000342,USR0086,MOV0092,VEW001022,4,무중력 오후의 가족사진,사라진 중력 속에서 가족이 서로를 붙드는 이미지가 오래 남았다.,2023-11-19T10:03:55Z
URV000343,USR0086,MOV0097,VEW001023,4.5,신호 없는 아파트의 연대,통신이 끊긴 주민들이 각자 가진 기술로 버티는 과정이 치밀하고 따뜻했다.,2025-12-19T04:40:55Z
URV000344,USR0086,MOV0110,VEW001024,2.5,여우비가 적신 편지,우체국 세계관은 아름답지만 편지 사연이 비슷한 감정으로 모였다.,2026-07-11T00:11:40Z
URV000345,USR0087,MOV0061,VEW001033,2.5,부장님의 위장은 금방 들켰다,직장 잠입 코미디의 상황이 뻔하고 조직 문화 해결도 쉬웠다.,2026-03-05T12:26:46Z
URV000346,USR0087,MOV0112,VEW001034,3.5,산신령도 민원은 어렵다,전통 설화와 행정 절차를 섞은 유머가 의외로 촘촘했다.,2024-07-10T14:35:14Z
URV000347,USR0087,MOV0036,VEW001035,3.5,연체된 사람을 반납하는 밤,도서관 대출 기록으로 실종자를 좇는 발상이 탄탄했다.,2025-08-29T16:32:17Z
URV000348,USR0087,MOV0016,VEW001036,2,현상되지 못한 감정,사진관 미술은 좋았지만 마지막 손님의 사연이 지나치게 익숙했다.,2025-09-05T14:48:05Z
URV000349,USR0088,MOV0064,VEW001045,2,선거보다 시끄러운 복도,세입자 갈등을 인물의 고성에만 의존해 웃음이 금방 마른다.,2025-03-17T06:44:04Z
URV000350,USR0088,MOV0076,VEW001046,3.5,고시원 부엌의 심야 메뉴,좁은 공용 주방에서 각자 고향의 맛을 나누는 장면이 정겹다.,2026-07-14T05:48:56Z
URV000351,USR0088,MOV0187,VEW001047,3,산불선의 뜨거운 호흡,진화 현장은 생생했지만 가족 서사는 조금 익숙했다.,2024-06-30T22:46:33Z
URV000352,USR0088,MOV0173,VEW001048,2,손끝의 소리가 흐릿하다,촉각 통역 소재를 충분히 깊게 파고들지 못했다.,2025-10-19T02:58:40Z
URV000353,USR0089,MOV0028,VEW001057,2,검은 봉투의 헐거운 매듭,추적 과정에 우연이 많아 긴장이 자주 끊겼다.,2025-09-14T23:25:44Z
URV000354,USR0089,MOV0068,VEW001058,2.5,늦깎이 연습생의 한계,아버지의 도전은 응원했지만 경연 장면은 평범했다.,2026-01-01T07:23:58Z
URV000355,USR0089,MOV0139,VEW001059,2,종이문 뒤의 익숙한 공포,한지 소품은 근사해도 귀신의 사연은 뻔했다.,2025-08-10T06:05:44Z
URV000356,USR0089,MOV0062,VEW001060,3.5,외계인도 반한 양념치킨,동네 치킨집과 우주 손님의 조합이 유쾌했다.,2026-05-12T22:41:25Z
URV000357,USR0090,MOV0064,VEW001069,2.5,공약보다 긴 주민 회의,생활 밀착 농담은 좋지만 갈등이 반복됐다.,2026-06-30T23:02:50Z
URV000358,USR0090,MOV0118,VEW001070,3.5,사라지는 소리를 붙잡다,목소리 보관소의 세계관과 가족사가 잘 어울렸다.,2026-06-05T14:41:37Z
URV000359,USR0090,MOV0019,VEW001071,3,두 이름을 품은 항구,귀향자의 시선은 좋았지만 결말이 다소 안전했다.,2023-11-06T15:28:01Z
URV000360,USR0090,MOV0065,VEW001072,1,사과만 남은 메뉴판,한 가지 농담을 장편 내내 반복해 지쳤다.,2025-11-20T06:53:22Z
URV000361,USR0091,MOV0003,VEW001081,3,3번 승강장의 잔잔한 하루,청춘의 대화는 자연스럽지만 큰 굴곡은 적었다.,2026-01-26T19:23:35Z
URV000362,USR0091,MOV0129,VEW001082,3.5,반지하 창문에 밀려온 파도,침수 불안을 소리로 표현한 방식이 선명했다.,2026-01-06T07:12:42Z
URV000363,USR0091,MOV0049,VEW001083,3.5,말 사이에 머문 봄밤,번역되지 않는 감정을 기다리는 연출이 섬세했다.,2025-11-23T09:25:51Z
URV000364,USR0091,MOV0097,VEW001084,4.5,전파 없이 연결된 이웃,단절된 아파트 공동체의 생존기가 탄탄했다.,2026-02-28T08:20:20Z
URV000365,USR0092,MOV0140,VEW001093,2.5,체크아웃 없는 호텔,공간은 매혹적이지만 반복되는 복도가 지루했다.,2026-01-11T13:19:39Z
URV000366,USR0092,MOV0178,VEW001094,1.5,고향의 말이 납작해졌다,번역가의 갈등을 상투적인 가족 화해로 끝냈다.,2026-05-10T10:13:39Z
URV000367,USR0092,MOV0054,VEW001095,1.5,모르는 척하기엔 긴 러닝타임,기억상실 연애의 익숙한 장면만 이어졌다.,2026-05-14T03:28:36Z
URV000368,USR0092,MOV0123,VEW001096,3,거울보다 늦게 웃은 사람,반사 속 표정 연출은 좋지만 반전은 쉽게 보였다.,2024-02-18T04:32:51Z
URV000369,USR0093,MOV0019,VEW001105,4,항구가 기억한 옛 이름,산업화 이후 마을의 변화를 인물에 잘 새겼다.,2025-12-08T20:04:43Z
URV000370,USR0093,MOV0095,VEW001106,2,업데이트할수록 낯선 얼굴,기술 설정은 흥미로워도 인물 선택이 설득력 없었다.,2025-11-05T06:39:47Z
URV000371,USR0093,MOV0004,VEW001107,3.5,우체통 속 미지근한 안부,편지를 기다리는 노인의 하루가 담백하고 따뜻했다.,2023-05-26T20:07:18Z
URV000372,USR0093,MOV0032,VEW001108,3,끊긴 전화의 마지막 번호,콜센터 추적은 긴장됐지만 범인 동기는 평범했다.,2026-01-05T00:53:45Z
URV000373,USR0094,MOV0190,VEW001117,2.5,설원에 묻힌 구조 신호,산악 장면은 좋으나 팀 갈등이 진부했다.,2022-12-01T13:13:01Z
URV000374,USR0094,MOV0100,VEW001118,3,가족을 고치는 오류 코드,디지털 가족 설정은 재치 있지만 화해가 급했다.,2025-06-29T17:18:26Z
URV000375,USR0094,MOV0200,VEW001119,3,방패연이 가른 바람,전통 액션은 신선하지만 악역이 단순했다.,2025-12-24T08:35:12Z
URV000376,USR0094,MOV0079,VEW001120,3.5,마을 뉴스가 구한 하루,동네방송 제작진의 임기응변이 유쾌했다.,2026-01-18T16:09:33Z
URV000377,USR0095,MOV0007,VEW001129,2.5,월요일 출근묘의 반복 업무,고양이는 귀엽지만 직장 농담이 익숙했다.,2024-10-19T20:51:25Z
URV000378,USR0095,MOV0130,VEW001130,2.5,빈 극장의 마지막 관객,분위기는 좋았지만 공포의 정체가 약했다.,2023-07-20T09:01:37Z
URV000379,USR0095,MOV0183,VEW001131,1,검의 전설에 갇힌 인물,설명은 많고 정작 사수의 마음은 보이지 않았다.,2026-01-15T13:58:46Z
URV000380,USR0095,MOV0019,VEW001132,3.5,이름이 바뀌어도 남은 바다,항구 주민들의 기억이 잔잔한 울림을 줬다.,2023-09-05T12:50:09Z
URV000381,USR0096,MOV0042,VEW001141,2,가까워지지 않는 7.5센티미터,거리의 비유를 너무 자주 설명해 답답했다.,2026-02-28T23:15:18Z
URV000382,USR0096,MOV0114,VEW001142,3.5,천 년 묵은 판매자의 사연,중고거래 채팅과 설화를 섞은 감각이 재밌다.,2026-07-08T04:33:57Z
URV000383,USR0096,MOV0035,VEW001143,4.5,종점에서 기다린 빨간 코트,단서 회수와 감정의 반전이 모두 정확했다.,2025-03-29T22:22:55Z
URV000384,USR0096,MOV0045,VEW001144,2.5,마지막 방송 뒤의 정적,라디오 감성은 좋지만 재회 과정이 작위적이다.,2025-09-06T04:18:05Z
URV000385,USR0097,MOV0122,VEW001153,3,배송 금지 구역의 새벽,폐쇄 단지의 분위기는 좋지만 결말은 무난했다.,2025-12-12T14:56:07Z
URV000386,USR0097,MOV0137,VEW001154,4,울리지 않아 더 무서운 초인종,일상 소음만으로 공포를 키운 연출이 뛰어났다.,2026-06-03T10:52:19Z
URV000387,USR0097,MOV0134,VEW001155,2.5,13번 문의 냉기,냉동창고 공간은 강렬하지만 인물 행동이 답답했다.,2025-01-19T00:49:21Z
URV000388,USR0097,MOV0167,VEW001156,3,끝나지 않은 교실의 밤,당시 학생들의 증언은 좋지만 편집이 고르지 않았다.,2023-07-11T19:39:04Z
URV000389,USR0098,MOV0018,VEW001165,3.5,냉장고가 보관한 계절,음식과 가족의 기억을 잇는 방식이 다정했다.,2025-07-10T11:58:26Z
URV000390,USR0098,MOV0028,VEW001166,2.5,경로는 복잡하고 인물은 단순하다,범죄 동선은 치밀해도 악역은 평면적이었다.,2025-06-04T23:29:10Z
URV000391,USR0098,MOV0013,VEW001167,3,대답 없는 강의 겨울,소양강 풍경과 상실의 정서는 좋지만 느린 편이다.,2023-10-15T10:33:45Z
URV000392,USR0098,MOV0056,VEW001168,3.5,파도가 알려 준 약속 시간,해녀와 기상 캐스터의 관계가 신선했다.,2023-06-04T05:28:27Z
URV000393,USR0099,MOV0080,VEW001177,3.5,파업 로봇의 정당한 요구,가사노동 풍자가 웃기면서도 날카롭다.,2023-05-16T09:37:49Z
URV000394,USR0099,MOV0104,VEW001178,4,구름의 상처를 꿰맨 하루,하늘 작업 장면과 장인의 후회가 아름답게 맞물렸다.,2026-03-22T06:28:17Z
URV000395,USR0099,MOV0200,VEW001179,3.5,방패연 아래의 마지막 결투,바람을 읽는 액션 설계가 돋보였다.,2026-03-29T23:09:15Z
URV000396,USR0099,MOV0054,VEW001180,2,낯선 척하다 끝난 로맨스,두 사람의 비밀이 억지로 유지된다.,2025-11-21T07:10:58Z
URV000397,USR0100,MOV0142,VEW001189,2.5,첫 배달은 너무 오래 걸렸다,구름 캐릭터는 귀여워도 사건이 단순하다.,2026-04-23T08:41:02Z
URV000398,USR0100,MOV0172,VEW001190,1.5,책보다 얇은 섬의 이야기,독서 공동체를 인물 소개만으로 소비했다.,2026-05-29T02:19:56Z
URV000399,USR0100,MOV0108,VEW001191,2.5,종이배가 도착한 뒤,환상은 예쁘지만 가족 갈등의 해법이 쉬웠다.,2026-06-27T12:21:53Z
URV000400,USR0100,MOV0137,VEW001192,4.5,침묵한 초인종의 정체,복도 음향과 시선 연출이 섬뜩하게 정교했다.,2025-05-28T00:34:16Z
URV000401,USR0101,MOV0014,VEW001201,3.5,보증금 대신 모은 신뢰,공동생활의 작은 규칙들이 현실적이었다.,2025-10-29T19:21:05Z
URV000402,USR0101,MOV0148,VEW001202,4.5,지하철 창밖의 고래,도시 아이의 외로움을 환상적인 항해로 바꿨다.,2025-09-09T05:45:58Z
URV000403,USR0101,MOV0197,VEW001203,3,야경을 가른 드론,레이스 촬영은 멋지지만 라이벌 구도는 평범했다.,2025-11-29T03:51:46Z
URV000404,USR0102,MOV0194,VEW001213,3.5,27번 항로의 선택,관제사와 조종사의 교신이 긴장을 살렸다.,2026-01-10T23:25:21Z
URV000405,USR0102,MOV0106,VEW001214,1.5,분실물만 쌓인 바람 창고,설정 소개 뒤에 제대로 된 모험이 없었다.,2026-03-08T09:28:55Z
URV000406,USR0102,MOV0102,VEW001215,4,세탁조에서 돌아온 기억,생활 밀착형 도깨비 세계가 유쾌하고 따뜻했다.,2025-05-22T11:47:56Z
URV000407,USR0103,MOV0175,VEW001225,3,수화기 너머의 새벽,상담원의 노동은 진솔하지만 몇 장면은 과장됐다.,2025-02-23T14:33:02Z
URV000408,USR0103,MOV0090,VEW001226,3,멈춤 없는 도시의 하루,속도감은 좋지만 결말의 메시지가 직접적이다.,2025-11-13T12:52:14Z
URV000409,USR0103,MOV0057,VEW001227,2.5,빈자리를 채우지 못한 이야기,상실의 비유는 좋지만 감정이 반복된다.,2026-04-03T20:11:26Z
URV000410,USR0104,MOV0177,VEW001237,1.5,열두 사람 모두 흐릿하다,무대 노동자를 많이 소개해 누구에게도 집중하지 못했다.,2026-07-17T06:21:42Z
URV000411,USR0104,MOV0108,VEW001238,3,종이배가 건넌 골목,소박한 판타지는 좋지만 반전은 익숙했다.,2026-05-25T04:37:40Z
URV000412,USR0104,MOV0153,VEW001239,3.5,북극여우가 만난 남쪽 계절,기후 변화와 성장 이야기를 자연스럽게 엮었다.,2026-06-06T05:58:59Z
URV000413,USR0105,MOV0091,VEW001249,3.5,달 편의점의 야간 근무,우주 생활의 사소한 불편을 재치 있게 그렸다.,2025-12-12T20:18:18Z
URV000414,USR0105,MOV0001,VEW001250,4.5,세탁물에 그려진 골목 지도,새벽 노동과 이웃의 기억을 섬세하게 엮었다.,2025-07-10T22:21:17Z
URV000415,USR0105,MOV0064,VEW001251,2,대표 선거의 소음만 남았다,민원 장면이 반복돼 인물의 매력이 묻혔다.,2026-07-11T19:13:32Z
URV000416,USR0106,MOV0103,VEW001261,2,지하철을 탄 정원의 혼란,세계 규칙이 장면마다 달라 몰입하기 어려웠다.,2024-10-27T14:30:32Z
URV000417,USR0106,MOV0033,VEW001262,2,안개보다 흐린 부표의 비밀,해양 분위기는 좋지만 단서가 허술했다.,2024-09-28T05:59:52Z
URV000418,USR0106,MOV0049,VEW001263,3.5,느린 번역이 만든 진심,통역의 침묵을 감정으로 바꾼 연출이 좋았다.,2024-05-11T11:51:39Z
URV000419,USR0107,MOV0026,VEW001273,2.5,목요일마다 비는 사물함,학교 미스터리는 흥미롭지만 결말이 안전하다.,2025-12-26T06:39:50Z
URV000420,USR0107,MOV0048,VEW001274,3,두 우편번호 사이의 계절,지역의 차이를 보여 주는 장면은 좋았다.,2026-01-25T04:52:46Z
URV000421,USR0107,MOV0176,VEW001275,2.5,연어의 지도는 선명했다,생태 정보는 충실하지만 인물 서사가 약하다.,2026-04-11T15:49:07Z
URV000422,USR0108,MOV0092,VEW001285,4.5,떠오른 오후의 단단한 마음,무중력 재난과 가족 감정을 완벽히 맞췄다.,2025-01-22T09:24:36Z
URV000423,USR0108,MOV0123,VEW001286,3,거울 속 웃음의 순서,초반 공포는 좋지만 후반 설명이 길다.,2026-04-14T00:00:19Z
URV000424,USR0108,MOV0139,VEW001287,1.5,종이문만 아름다운 밤,공포보다 미술만 기억에 남았다.,2024-05-23T08:20:00Z
URV000425,USR0109,MOV0011,VEW001297,2,옥상의 겨울은 녹지 않았다,도시 농업 소재를 상투적인 화해로 마쳤다.,2025-12-14T04:28:06Z
URV000426,USR0109,MOV0051,VEW001298,1,월세도 고백도 설득력이 없다,주거 문제와 로맨스가 겉돌았다.,2025-12-29T11:56:36Z
URV000427,USR0109,MOV0158,VEW001299,4,진짜 꼬리는 마음에 있었다,로봇 강아지의 성장과 아이의 이별이 뭉클했다.,2026-03-25T17:55:32Z
URV000428,USR0110,MOV0193,VEW001309,1.5,707호 객실의 지루한 추격,열차 액션이 반복되고 인물은 평면적이다.,2026-07-08T03:54:20Z
URV000429,USR0110,MOV0059,VEW001310,4.5,엔딩 크레딧 뒤의 기적,사라질 극장을 지키는 마음이 깊게 남았다.,2025-04-19T02:34:15Z
URV000430,USR0110,MOV0156,VEW001311,3.5,바다 유리가 부른 기억,해변 환경과 가족 이야기를 아름답게 이었다.,2026-06-18T21:35:40Z
URV000431,USR0111,MOV0194,VEW001321,4,화산재 속 27번 항로,교신만으로 긴박함을 만든 항공 액션이 좋았다.,2025-04-22T23:30:18Z
URV000432,USR0111,MOV0027,VEW001322,2.5,파도 아래 묻힌 음원,수중 녹음은 신선하지만 수사의 결말이 약했다.,2023-04-09T13:58:48Z
URV000433,USR0111,MOV0073,VEW001323,3.5,대리님의 빈 책상 추적기,회사 메신저를 단서로 쓰는 코미디가 영리했다.,2025-11-04T18:02:03Z
URV000434,USR0112,MOV0097,VEW001333,4.5,끊긴 전파가 이은 공동체,아파트 주민들의 협력이 현실적이고 감동적이었다.,2026-02-20T05:01:30Z
URV000435,USR0112,MOV0047,VEW001334,2.5,한강에 머문 미완성 문장,강변 풍경은 좋지만 사랑 이야기는 평범하다.,2026-04-22T19:32:37Z
URV000436,USR0112,MOV0160,VEW001335,2.5,보이지 않는 공룡의 장난,상상력은 귀엽지만 에피소드가 반복됐다.,2026-02-20T02:42:43Z
URV000437,USR0113,MOV0127,VEW001345,3.5,밤마다 짧아지는 길,산책로의 공간 변화가 서늘하게 다가왔다.,2025-02-13T09:10:58Z
URV000438,USR0113,MOV0157,VEW001346,4,구름과 바람이 만든 가족,날씨 캐릭터의 감정 표현이 따뜻하고 아름답다.,2024-08-31T07:56:28Z
URV000439,USR0113,MOV0142,VEW001347,2.5,구름이의 느린 첫 배달,캐릭터는 사랑스럽지만 교훈이 너무 선명하다.,2024-10-26T07:00:16Z
URV000440,USR0114,MOV0101,VEW001357,2,대여한 달빛이 너무 희미하다,설정에 비해 모험이 단조로웠다.,2024-03-15T23:17:46Z
URV000441,USR0114,MOV0129,VEW001358,3,방 안에 차오른 파도 소리,주거 불안을 잘 담았지만 마지막 장면은 과했다.,2025-06-22T02:39:15Z
URV000442,USR0114,MOV0057,VEW001359,2,빈자리만 오래 비춘다,상실의 감정을 반복해 피로했다.,2024-10-22T16:23:55Z
URV000443,USR0115,MOV0188,VEW001369,2.5,청해진의 흐린 그림자,해상 전투는 좋지만 정치 갈등이 단순했다.,2026-05-27T06:58:37Z
URV000444,USR0115,MOV0156,VEW001370,2,바다 유리만 반짝였다,환경 메시지와 가족사가 자연스럽게 섞이지 않았다.,2024-12-24T04:27:25Z
URV000445,USR0115,MOV0021,VEW001371,2,열세 번째 함의 빈 반전,택배함 설정은 좋지만 범인을 쉽게 짐작했다.,2022-02-24T00:52:56Z
URV000446,USR0116,MOV0160,VEW001381,3,투명 공룡과 보낸 방학,아이의 상상 세계는 좋지만 중반이 늘어진다.,2025-10-23T14:59:10Z
URV000447,USR0116,MOV0074,VEW001382,2.5,화분 앞의 취업 면접,첫 농담 이후 전개가 평범해졌다.,2025-12-21T21:23:05Z
URV000448,USR0116,MOV0065,VEW001383,2.5,사과 메뉴의 씁쓸한 맛,식당 풍자는 좋지만 같은 갈등을 되풀이했다.,2025-12-29T22:34:47Z
URV000449,USR0117,MOV0172,VEW001393,2.5,책배가 닿은 섬,배경은 매력적이나 주민 이야기가 얕다.,2026-06-14T16:50:00Z
URV000450,USR0117,MOV0186,VEW001394,2,88구역 순찰의 빈 긴장,야간 액션이 반복돼 후반이 지루했다.,2026-05-21T01:01:07Z
URV000451,USR0117,MOV0052,VEW001395,2.5,2007년 노래에 기댄 추억,선곡은 반갑지만 이야기는 익숙했다.,2025-11-27T00:35:22Z
URV000452,USR0118,MOV0155,VEW001405,3.5,녹기 전 떠난 봄 소풍,눈사람의 짧은 여행이 귀엽고 뭉클했다.,2024-12-22T09:42:27Z
URV000453,USR0118,MOV0123,VEW001406,2.5,거울 속 반전은 늦었다,초반 분위기에 비해 결말이 평범했다.,2023-09-30T02:00:08Z
URV000454,USR0118,MOV0069,VEW001407,2,냉장고보다 복잡한 이웃,소동이 반복돼 금세 피곤해졌다.,2024-10-20T15:39:40Z
URV000455,USR0119,MOV0198,VEW001417,1.5,비밀 인쇄소의 얇은 비밀,시대 배경을 액션 장식으로만 썼다.,2024-08-17T01:34:56Z
URV000456,USR0119,MOV0058,VEW001418,1.5,낮잠 뒤에도 오지 않은 감정,재회 로맨스가 늘어지고 답답했다.,2025-07-26T05:25:15Z
URV000457,USR0119,MOV0178,VEW001419,2,번역되지 못한 고향,인물의 내면보다 메시지가 앞섰다.,2026-05-10T23:34:15Z
URV000458,USR0120,MOV0031,VEW001429,3,밤새 열린 보관함,심야 손님들은 흥미롭지만 연결이 약했다.,2024-12-25T17:43:57Z
URV000459,USR0120,MOV0108,VEW001430,3.5,종이배가 되찾은 주소,물길을 따라가는 가족의 기억이 따뜻했다.,2026-06-20T20:10:00Z
URV000460,USR0120,MOV0009,VEW001431,3.5,유리창을 사이에 둔 목소리,보이지 않는 이웃의 교감이 섬세했다.,2025-11-03T23:00:36Z
URV000461,USR0121,MOV0178,VEW001441,1,고향도 번역도 남지 않았다,상투적인 갈등만 되풀이했다.,2026-06-01T12:40:55Z
URV000462,USR0121,MOV0112,VEW001442,4.5,민원 번호표를 뽑은 산신령,설화와 관공서 풍자가 절묘했다.,2025-03-02T07:15:07Z
URV000463,USR0121,MOV0102,VEW001443,2.5,세탁조에 빠진 도깨비,초반 농담은 좋지만 후반은 급했다.,2024-06-26T10:54:27Z
URV000464,USR0122,MOV0132,VEW001453,2.5,벽지의 숨소리,생활 공포는 좋지만 정체가 익숙했다.,2024-01-06T14:29:10Z
URV000465,USR0122,MOV0059,VEW001454,3,두 번째 엔딩의 무난한 감동,극장 풍경은 좋지만 결말은 안전했다.,2026-06-28T16:55:52Z
URV000466,USR0122,MOV0144,VEW001455,1,빠른 편지의 느린 모험,갈등 없이 배달만 이어져 지루했다.,2024-04-04T18:40:09Z
URV000467,USR0123,MOV0130,VEW001465,3.5,마지막 관객의 표 값,폐관 영화관의 공포와 그리움이 잘 섞였다.,2025-07-09T10:18:01Z
URV000468,USR0123,MOV0118,VEW001466,3.5,목소리가 머문 유리병,소리의 기억을 시각화한 장면이 좋았다.,2026-05-26T06:04:46Z
URV000469,USR0123,MOV0053,VEW001467,2.5,바람 없는 사진의 정적,영상은 아름답지만 관계 변화가 더뎠다.,2026-07-22T06:44:35Z
URV000470,USR0124,MOV0069,VEW001477,2,공유 냉장고의 소란만 가득,음식 갈등이 억지스럽다.,2026-07-07T22:10:12Z
URV000471,USR0124,MOV0171,VEW001478,2,교대 사이에 빠진 사람들,노동 현실보다 사건 재연에 치우쳤다.,2024-11-05T11:45:12Z
URV000472,USR0124,MOV0064,VEW001479,2.5,세입자 공약의 공회전,인물들이 계속 언성만 높였다.,2025-12-19T20:20:19Z
URV000473,USR0125,MOV0065,VEW001489,1.5,사과 메뉴는 한 번이면 충분,반복 농담이 길었다.,2026-03-09T18:13:09Z
URV000474,USR0125,MOV0144,VEW001490,1,달팽이에게도 느린 이야기,사건과 감정이 모두 부족했다.,2026-04-19T18:35:56Z
URV000475,USR0125,MOV0089,VEW001491,3,판매된 내일의 비 예보,기후 상품 설정은 좋지만 결말이 단순했다.,2026-01-19T16:17:18Z
URV000476,USR0126,MOV0166,VEW001501,2.5,겨울 논에 멈춘 약속,농촌 기록은 좋지만 인물 갈등은 상투적이다.,2026-03-02T23:21:11Z
URV000477,USR0126,MOV0082,VEW001502,2,기억 세탁의 얼룩,설정 규칙이 일정하지 않아 혼란스러웠다.,2025-01-23T03:46:37Z
URV000478,USR0126,MOV0001,VEW001503,4.5,새벽 골목을 잇는 세탁 지도,노동과 이웃의 사연이 촘촘했다.,2026-04-14T07:10:32Z
URV000479,USR0127,MOV0123,VEW001513,3,먼저 웃은 거울의 이유,공포 연출은 좋지만 해설이 많았다.,2026-03-13T09:23:15Z
URV000480,USR0127,MOV0061,VEW001514,2,잠입 회식의 진부함,회사 농담이 예상 범위를 넘지 못했다.,2023-03-17T18:32:41Z
URV000481,USR0127,MOV0068,VEW001515,2.5,아버지의 무난한 무대,도전은 따뜻하지만 경연은 뻔했다.,2026-05-27T08:11:04Z
URV000482,USR0128,MOV0096,VEW001525,2.5,화성행 막차의 지연,우주 풍경에 비해 사건이 단조롭다.,2024-04-08T00:59:13Z
URV000483,USR0128,MOV0038,VEW001526,4,봉인된 신고서의 진실,야간 경찰서 단서들이 치밀하게 맞물렸다.,2026-02-17T13:46:45Z
URV000484,USR0128,MOV0009,VEW001527,4.5,유리창에 닿은 한마디,목소리만으로 관계를 쌓는 연출이 훌륭했다.,2026-03-03T15:24:54Z
URV000485,USR0129,MOV0078,VEW001537,3,휴가 간 사장의 빈 계산대,직원 소동은 웃기지만 결말은 평범했다.,2026-01-29T19:39:35Z
URV000486,USR0129,MOV0055,VEW001538,3,예약표 밖의 첫눈,겨울 로맨스의 감성은 좋지만 새롭진 않았다.,2026-02-15T09:55:15Z
URV000487,USR0129,MOV0079,VEW001539,4,긴급편성으로 이어진 동네,주민 방송의 순발력과 온기가 돋보였다.,2025-04-29T06:52:57Z
URV000488,USR0130,MOV0080,VEW001549,4.5,로봇 파업의 정당한 하루,가사노동과 가족 책임을 유쾌하게 짚었다.,2026-05-26T12:01:40Z
URV000489,USR0130,MOV0138,VEW001550,3.5,새벽 알림이 부른 목소리,휴대전화 공포를 신앙과 외로움에 잘 엮었다.,2025-08-18T06:33:16Z
URV000490,USR0130,MOV0057,VEW001551,2.5,빈자리의 의미를 반복하다,정서는 좋지만 러닝타임이 길다.,2025-02-01T22:29:14Z
URV000491,USR0131,MOV0057,VEW001561,3.5,비어 있어야 보이는 자리,상실 뒤의 일상을 담담하게 그렸다.,2026-01-23T05:42:11Z
URV000492,USR0131,MOV0083,VEW001562,3,수위 0미터의 한강,재난 설정은 강하지만 후반 해결이 쉽다.,2026-03-12T13:23:24Z
URV000493,USR0131,MOV0105,VEW001563,1.5,화원에 심지 못한 감정,기억 꽃의 규칙이 들쭉날쭉하다.,2026-05-19T01:18:28Z
URV000494,USR0132,MOV0120,VEW001573,1,품절된 건 이야기였다,마법 상점에 갈등도 성장이 없었다.,2025-03-11T22:42:33Z
URV000495,USR0132,MOV0081,VEW001574,1.5,두 번째 달도 흐렸다,서울 SF의 설정만 크고 인물은 얕았다.,2025-02-06T12:56:39Z
URV000496,USR0132,MOV0176,VEW001575,3.5,연어가 되찾은 물길,생태 복원의 과정을 알기 쉽게 담았다.,2026-04-10T13:36:01Z
URV000497,USR0133,MOV0001,VEW001585,4.5,세탁소 지도에 남은 얼룩,도시인의 삶을 세탁물로 읽는 시선이 좋았다.,2024-11-20T22:37:44Z
URV000498,USR0133,MOV0083,VEW001586,3.5,물이 사라진 한강의 풍경,재난 속 도시 공간을 낯설게 보여 줬다.,2022-12-29T13:18:37Z
URV000499,USR0133,MOV0012,VEW001587,1,구두만 떠돈 이야기,추적도 감정도 설득력이 부족했다.,2025-03-27T22:22:17Z
URV000500,USR0134,MOV0108,VEW001597,3,종이배가 멈춘 현관,판타지는 따뜻하지만 갈등 해소가 쉽다.,2026-07-03T11:01:25Z
URV000501,USR0134,MOV0071,VEW001598,3.5,문 앞에서 시작된 미소,택배기사와 주민의 관계가 현실적이고 유쾌했다.,2024-11-07T12:59:40Z
URV000502,USR0134,MOV0163,VEW001599,2,바람보다 큰 설명,풍력 갈등을 내레이션으로만 전달했다.,2026-02-21T15:15:36Z
URV000503,USR0135,MOV0126,VEW001609,2,흰 운동화의 억지 눈물,장례식 사연을 과하게 몰아붙였다.,2026-07-19T13:10:41Z
URV000504,USR0135,MOV0119,VEW001610,3,나이테에 남은 옛 주소,나무의 기억 설정은 좋지만 전개가 잔잔하다.,2026-06-21T11:44:06Z
URV000505,USR0135,MOV0062,VEW001611,2.5,치킨 향만 진한 외계 손님,첫 만남 뒤의 소동은 익숙했다.,2026-05-30T07:05:59Z
URV000506,USR0136,MOV0196,VEW001621,4,지도에 그린 왕의 욕망,지리와 권력을 엮은 사극 액션이 탄탄했다.,2025-07-11T23:33:16Z
URV000507,USR0136,MOV0121,VEW001622,2,0호실 문 앞의 공회전,복도 공포가 같은 방식으로 반복됐다.,2026-05-24T21:20:09Z
URV000508,USR0136,MOV0158,VEW001623,3,꼬리를 배운 로봇의 성장,아이와의 우정은 좋지만 악역이 단순하다.,2026-06-18T21:08:19Z
URV000509,USR0137,MOV0016,VEW001633,1.5,사진관의 마지막 상투성,가족사진 비밀을 너무 쉽게 풀었다.,2026-05-03T23:00:45Z
URV000510,USR0137,MOV0200,VEW001634,4,방패연이 만든 전장의 길,전통 기술을 액션에 활용한 방식이 신선했다.,2025-09-14T22:41:52Z
URV000511,USR0137,MOV0169,VEW001635,2.5,휠체어의 먼 귀갓길,이동권 현실은 좋지만 몇 장면은 작위적이다.,2026-06-25T19:50:46Z
URV000512,USR0138,MOV0084,VEW001645,3,하루치 감정을 빌리다,가게 설정은 흥미롭지만 결말은 무난하다.,2026-05-25T22:35:40Z
URV000513,USR0138,MOV0002,VEW001646,3,을지로 별 수리 설명서,기술자 캐릭터는 좋지만 판타지 규칙이 약하다.,2026-05-19T06:39:43Z
URV000514,USR0138,MOV0170,VEW001647,1.5,목욕탕의 뜨거운 향수만 남았다,폐업 문제를 억지 눈물로 풀었다.,2025-08-14T23:27:30Z
URV000515,USR0139,MOV0161,VEW001657,3.5,새벽 시장이 내는 백 가지 소리,상인들의 노동과 활기가 생생했다.,2026-06-29T13:19:27Z
URV000516,USR0139,MOV0043,VEW001658,3,비행운을 접은 편지,이미지는 예쁘지만 사랑 이야기는 익숙하다.,2026-05-03T00:19:31Z
URV000517,USR0139,MOV0027,VEW001659,3,수면 아래 남은 녹음,수중 음향은 좋지만 수사가 평범했다.,2025-11-15T11:23:38Z
URV000518,USR0140,MOV0135,VEW001669,3.5,사진마다 비어 있는 의자,가족사진의 공백을 활용한 공포가 효과적이었다.,2026-02-21T05:45:10Z
URV000519,USR0140,MOV0136,VEW001670,3.5,들리지 않는 숨비소리,제주 바다와 여성들의 기억이 서늘하게 겹쳤다.,2025-09-06T11:58:59Z
URV000520,USR0140,MOV0130,VEW001671,2,상영이 끝나도 반전은 없었다,폐관 극장 설정을 충분히 살리지 못했다.,2026-05-06T13:51:51Z
URV000521,USR0141,MOV0197,VEW001681,2.5,한밤 드론의 불빛,촬영은 화려하지만 승부가 단순하다.,2025-07-04T22:12:42Z
URV000522,USR0141,MOV0122,VEW001682,3.5,배송 금지선 너머,새벽 노동과 미스터리를 자연스럽게 묶었다.,2026-01-27T19:58:54Z
URV000523,USR0141,MOV0166,VEW001683,2,논두렁 약속의 진부함,농촌 인물들이 전형적이다.,2026-05-13T03:47:42Z
URV000524,USR0142,MOV0018,VEW001693,3.5,냉장고 문을 연 계절,오래된 음식에 담긴 가족사가 따뜻했다.,2025-03-23T20:41:23Z
URV000525,USR0142,MOV0160,VEW001694,3,투명 공룡의 여름 흔적,아이의 상상력은 좋지만 결말이 쉽다.,2025-08-20T21:03:52Z
URV000526,USR0142,MOV0092,VEW001695,3.5,공중에 뜬 오후의 약속,무중력 장면과 가족 감정이 잘 맞았다.,2025-07-28T22:22:38Z
URV000527,USR0143,MOV0036,VEW001705,4,반납되지 못한 사람의 기록,대출 이력을 단서로 쓴 추리가 영리했다.,2025-05-26T06:27:04Z
URV000528,USR0143,MOV0047,VEW001706,2,보내지 못한 말만 반복,한강 풍경 외에는 새로움이 적었다.,2025-03-17T19:33:43Z
URV000529,USR0143,MOV0100,VEW001707,2.5,가족 오류의 간단한 수정,갈등을 코드 한 줄처럼 쉽게 풀었다.,2025-03-21T05:17:24Z
URV000530,USR0144,MOV0022,VEW001717,3,지하 4층의 빗소리,공간 연출은 좋지만 범인의 동기는 약하다.,2025-03-07T16:55:29Z
URV000531,USR0144,MOV0111,VEW001718,3,이름을 얻은 그림자,판타지 설정은 좋지만 규칙이 모호하다.,2025-07-18T06:42:08Z
URV000532,USR0144,MOV0083,VEW001719,3.5,0미터 한강의 생존법,도시 재난의 풍경이 신선했다.,2026-04-23T00:08:30Z
URV000533,USR0145,MOV0133,VEW001729,2,녹음기만 놀란 비명,인물보다 음향 효과에 의존했다.,2024-08-04T05:05:51Z
URV000534,USR0145,MOV0174,VEW001730,3,백 년 씨앗의 발아 기록,보존의 의미는 좋지만 편집이 평이하다.,2025-04-29T00:43:54Z
URV000535,USR0145,MOV0168,VEW001731,2.5,폐어망에 걸린 메시지,해양 문제는 선명하지만 서사가 약하다.,2026-04-01T05:19:40Z
URV000536,USR0146,MOV0053,VEW001741,2.5,바람을 찍지 못한 사진가,영상미에 비해 감정선이 흐리다.,2026-05-03T01:15:14Z
URV000537,USR0146,MOV0045,VEW001742,1.5,방송 종료와 함께 꺼진 이야기,복고 감성만 반복했다.,2025-07-14T02:46:27Z
URV000538,USR0146,MOV0096,VEW001743,2,화성행 막차의 긴 지연,우주 통근 아이디어를 단순 추격으로 썼다.,2025-05-25T14:21:22Z
URV000539,USR0147,MOV0101,VEW001753,1,달빛 대여 약관만 길었다,모험은 없고 설명만 많았다.,2025-09-15T17:04:16Z
URV000540,USR0147,MOV0199,VEW001754,2,독도 풍경에 머문 기록,기상대원의 삶을 깊게 다루지 못했다.,2026-04-20T22:06:27Z
URV000541,USR0147,MOV0062,VEW001755,3,외계 손님의 치킨 주문,동네 코미디는 유쾌하지만 결말이 평범하다.,2026-06-16T09:19:34Z
URV000542,USR0148,MOV0175,VEW001765,3.5,새벽 네 시에 건넨 위로,상담원의 목소리와 노동 현실이 진솔했다.,2025-02-03T16:21:26Z
URV000543,USR0148,MOV0024,VEW001766,2.5,창문 없는 야간 근무,폐쇄감은 좋지만 미스터리가 약하다.,2024-10-05T02:11:20Z
URV000544,USR0148,MOV0028,VEW001767,2.5,봉투의 경로만 복잡하다,인물의 동기는 단순했다.,2023-04-24T04:25:42Z
URV000545,USR0149,MOV0106,VEW001777,1,바람 창고의 빈 선반,설정만 소개하다 끝났다.,2026-06-02T05:57:49Z
URV000546,USR0149,MOV0117,VEW001778,2.5,달팽이 호텔의 긴 체크인,아기자기하지만 사건이 없다.,2025-12-02T17:41:57Z
URV000547,USR0149,MOV0167,VEW001779,3,야간 교실의 세대 기억,증언은 의미 있지만 편집이 늘어진다.,2025-11-20T09:02:47Z
URV000548,USR0150,MOV0187,VEW001789,4.5,산불선을 넘은 사람들,현장 판단과 팀워크가 압도적으로 생생했다.,2026-01-29T20:20:23Z
URV000549,USR0150,MOV0162,VEW001790,1,간판과 함께 사라진 맥락,도시 기록도 인물도 얕았다.,2026-06-02T03:50:11Z
URV000550,USR0150,MOV0182,VEW001791,2.5,1934년 전파의 잡음,시대 미술은 좋지만 첩보전이 평범하다.,2023-10-23T13:22:37Z
URV000551,USR0151,MOV0009,VEW001801,4,창 너머 목소리의 온도,보이지 않는 관계를 소리로 쌓은 연출이 좋았다.,2026-01-18T22:15:27Z
URV000552,USR0151,MOV0178,VEW001802,1.5,번역문처럼 딱딱한 고향,인물의 감정이 메시지에 눌렸다.,2026-07-01T21:16:07Z
URV000553,USR0151,MOV0138,VEW001803,3,새벽 알림의 낯선 기도,스마트폰 공포는 좋지만 결말은 평범했다.,2024-11-24T02:07:55Z
URV000554,USR0152,MOV0132,VEW001813,2.5,숨 쉬는 집의 규칙,벽지 연출은 섬뜩하나 원인이 익숙하다.,2026-01-04T01:27:10Z
URV000555,USR0152,MOV0080,VEW001814,4.5,파업한 로봇의 노동 선언,가사노동 풍자를 웃음과 감동으로 풀었다.,2026-04-26T09:48:31Z
URV000556,USR0152,MOV0043,VEW001815,2.5,비행운은 예쁘고 사연은 흐리다,영상에 비해 로맨스가 약하다.,2025-10-12T16:37:12Z
URV000557,USR0153,MOV0122,VEW001825,4,금지 구역의 마지막 배송,새벽 노동과 추적극이 긴밀했다.,2024-11-05T01:37:34Z
URV000558,USR0153,MOV0003,VEW001826,2.5,승강장의 긴 기다림,청춘 대화가 반복돼 리듬이 느렸다.,2025-12-13T12:33:02Z
URV000559,USR0153,MOV0169,VEW001827,2.5,집 앞 턱이 만든 먼 길,이동권 현실은 좋지만 극적 장치가 과했다.,2026-06-26T04:22:31Z
URV000560,USR0154,MOV0177,VEW001837,1.5,열두 명의 이름만 남았다,인물이 많아 모두 피상적이었다.,2025-10-17T22:24:31Z
URV000561,USR0154,MOV0087,VEW001838,2,1층에서 멈춘 우주 엘리베이터,설정 설명만 길었다.,2026-01-24T11:10:56Z
URV000562,USR0154,MOV0014,VEW001839,3.5,보증금보다 큰 생활 규칙,청년 주거의 디테일이 현실적이었다.,2026-07-02T12:02:55Z
URV000563,USR0155,MOV0162,VEW001849,2,사라진 간판 뒤의 빈 이야기,도시 기록의 맥락이 얕았다.,2025-07-05T04:45:13Z
URV000564,USR0155,MOV0007,VEW001850,2.5,월요일 고양이의 반복 출근,귀여움 외의 힘이 부족하다.,2025-01-22T13:04:40Z
URV000565,USR0155,MOV0023,VEW001851,2.5,17초 단서의 무난한 결론,음향 분석은 좋지만 반전이 약하다.,2026-02-11T00:02:17Z
URV000566,USR0156,MOV0044,VEW001861,4.5,퇴근 뒤 겨울 바다의 고백,차가운 풍경과 따뜻한 감정이 완벽했다.,2025-09-05T23:01:33Z
URV000567,USR0156,MOV0059,VEW001862,3,두 번째 엔딩의 익숙한 여운,극장 정서는 좋지만 새롭진 않다.,2025-12-09T11:09:44Z
URV000568,USR0156,MOV0015,VEW001863,3,천천히 익은 겨울 귤,제주 가족 이야기는 따뜻하지만 잔잔하다.,2026-06-29T15:35:06Z
URV000569,USR0157,MOV0027,VEW001873,2,녹음실보다 얕은 수심,수중 사운드 외에는 기억이 적다.,2024-10-21T16:29:14Z
URV000570,USR0157,MOV0108,VEW001874,3.5,종이배가 찾은 오래된 집,물길 모험과 가족사가 다정했다.,2026-04-29T01:44:26Z
URV000571,USR0157,MOV0066,VEW001875,1.5,임시 반장의 영구 소란,주민 갈등을 고성으로만 풀었다.,2024-04-06T04:58:19Z
URV000572,USR0158,MOV0043,VEW001885,3.5,하늘에 접어 둔 마음,비행운 이미지와 이별 감정이 잘 어울렸다.,2025-11-07T14:48:08Z
URV000573,USR0158,MOV0135,VEW001886,3.5,빈 의자가 찍힌 이유,사진 공포와 가족의 죄책감이 효과적이었다.,2025-05-02T16:11:24Z
URV000574,USR0158,MOV0049,VEW001887,3,번역이 끝난 봄밤,대화는 섬세하지만 결말은 서둘렀다.,2026-04-05T00:15:10Z
URV000575,USR0159,MOV0164,VEW001897,2,한 그릇에 담기지 못한 삶,이주 서사를 얕게 나열했다.,2025-05-06T13:46:46Z
URV000576,USR0159,MOV0141,VEW001898,2.5,연필 바다의 옅은 파도,그림은 예쁘지만 모험은 단순하다.,2025-12-17T11:56:28Z
URV000577,USR0159,MOV0127,VEW001899,2.5,짧아진 길의 뻔한 끝,공간 설정은 좋지만 반전이 익숙하다.,2026-05-22T12:50:04Z
URV000578,USR0160,MOV0086,VEW001909,2.5,2058년에도 같은 반찬 걱정,미래 설정을 충분히 살리지 못했다.,2025-08-09T11:05:06Z
URV000579,USR0160,MOV0069,VEW001910,2.5,냉장고 칸보다 좁은 갈등,소동이 되풀이됐다.,2025-06-06T23:57:12Z
URV000580,USR0160,MOV0139,VEW001911,1,종이문만 닫히고 긴장은 열리지 않았다,공포가 약했다.,2023-08-09T03:36:53Z
URV000581,USR0161,MOV0113,VEW001921,3,밤길을 걷는 물고기,환상적인 서울 풍경은 좋지만 중반이 산만하다.,2025-12-22T20:24:54Z
URV000582,USR0161,MOV0120,VEW001922,2,품절 안내만 받은 마법,상점 에피소드가 단조롭다.,2024-06-26T21:10:51Z
URV000583,USR0161,MOV0108,VEW001923,2.5,종이배의 쉬운 귀환,감동을 너무 서둘러 만들었다.,2026-05-25T20:04:59Z
URV000584,USR0162,MOV0050,VEW001933,2,온실에 갇힌 여섯 시,약속의 의미가 끝내 약했다.,2026-01-12T20:00:05Z
URV000585,USR0162,MOV0117,VEW001934,2,달팽이 호텔의 빈 객실,귀여운 배경에 이야기가 없다.,2025-12-08T12:08:21Z
URV000586,USR0162,MOV0109,VEW001935,2,시간 빵은 덜 익었다,규칙이 편의적으로 바뀐다.,2025-03-26T00:53:57Z
URV000587,USR0163,MOV0185,VEW001945,3,국경을 넘은 발차기,태권도 교류는 좋지만 경기 서사는 평범하다.,2026-05-25T01:37:28Z
URV000588,USR0163,MOV0077,VEW001946,3.5,정시 퇴근의 연대,직장인들의 작은 저항이 현실적이고 통쾌했다.,2024-12-31T04:32:38Z
URV000589,USR0163,MOV0183,VEW001947,1.5,마지막 사수의 지루한 설명,검술보다 설정 해설이 길었다.,2026-04-22T20:20:26Z
URV000590,USR0164,MOV0023,VEW001957,3,17초 잡음의 정체,수사 과정은 좋지만 동기가 약하다.,2026-02-26T16:30:23Z
URV000591,USR0164,MOV0067,VEW001958,3,장부로 푼 퇴근 후 사건,생활 추리는 재밌지만 결말이 무난하다.,2025-12-19T05:50:57Z
URV000592,USR0164,MOV0194,VEW001959,4,항공로 27의 긴박한 교신,관제 액션이 손에 땀을 쥐게 했다.,2026-04-03T01:10:49Z
URV000593,USR0165,MOV0028,VEW001969,3,검은 봉투를 따라간 밤,추적 리듬은 좋지만 악역이 평면적이다.,2022-07-05T02:59:50Z
URV000594,USR0165,MOV0022,VEW001970,2,지하 비의 익숙한 비밀,공간 외의 매력이 부족했다.,2022-05-12T15:14:48Z
URV000595,USR0165,MOV0166,VEW001971,2.5,겨울 논의 오래된 다툼,농촌 풍경은 좋지만 갈등이 뻔하다.,2025-10-28T06:22:45Z
URV000596,USR0166,MOV0165,VEW001981,1.5,도시를 수선하지 못한 영화,사례 나열에 그쳤다.,2025-12-18T04:16:17Z
URV000597,USR0166,MOV0058,VEW001982,1,낮잠보다 깊게 잠든 전개,로맨스가 끝없이 늘어진다.,2024-08-02T06:21:55Z
URV000598,USR0166,MOV0033,VEW001983,3,22번 부표의 안개 신호,해상 긴장은 좋지만 해답이 단순하다.,2025-06-24T10:41:18Z
URV000599,USR0167,MOV0034,VEW001993,1.5,타자기 소리만 남은 벽,인물 행동이 답답했다.,2026-02-03T21:50:49Z
URV000600,USR0167,MOV0197,VEW001994,2.5,도심 위 드론의 공회전,야경 외에는 새로움이 적다.,2025-03-10T10:46:00Z
URV000601,USR0167,MOV0106,VEW001995,1,분실물도 이야기도 찾지 못했다,세계관만 늘어놓았다.,2026-03-26T02:00:24Z
URV000602,USR0168,MOV0041,VEW002005,3,오후 네 시의 익숙한 설렘,첫사랑 감성은 좋지만 공식적이다.,2026-07-09T23:37:41Z
URV000603,USR0168,MOV0186,VEW002006,2,88구역의 반복 순찰,액션 패턴이 단조롭다.,2026-05-21T07:22:02Z
URV000604,USR0168,MOV0143,VEW002007,2,종이컵 행성의 작은 모험,상상력에 비해 사건이 약하다.,2026-02-08T02:33:29Z
URV000605,USR0169,MOV0161,VEW002017,3.5,시장 골목의 백 가지 사연,상인들의 목소리가 풍성했다.,2025-12-04T07:55:48Z
URV000606,USR0169,MOV0056,VEW002018,3,파도 시간을 묻는 사람,바다 풍경은 좋지만 로맨스는 평범하다.,2023-08-14T03:27:42Z
URV000607,USR0169,MOV0048,VEW002019,2.5,우편번호 사이의 오해,편지 감성에 비해 갈등이 억지다.,2024-06-22T15:53:50Z
URV000608,USR0170,MOV0028,VEW002029,1.5,봉투 경로가 만든 혼란,복잡하기만 하고 긴장감은 약했다.,2022-11-18T09:16:17Z
URV000609,USR0170,MOV0012,VEW002030,1.5,구두 추적의 느린 발걸음,우연이 너무 많다.,2024-04-13T01:25:55Z
URV000610,USR0170,MOV0141,VEW002031,3,연필 선으로 넘은 파도,그림체는 좋지만 이야기는 무난하다.,2024-12-27T10:42:54Z
URV000611,USR0171,MOV0044,VEW002041,3,퇴근 뒤 만난 겨울 바다,정서는 좋지만 전개가 잔잔하다.,2025-02-17T17:22:45Z
URV000612,USR0171,MOV0098,VEW002042,3.5,인공지능의 서툰 반항,기술과 가족 코미디가 잘 맞았다.,2026-06-10T16:44:32Z
URV000613,USR0171,MOV0077,VEW002043,3.5,정시 퇴근표를 지킨 팀,직장인의 공감과 웃음이 살아 있다.,2025-12-23T03:42:14Z
URV000614,USR0172,MOV0096,VEW002053,1,막차는 떠나고 개연성도 없다,사건이 억지스럽다.,2025-10-30T14:15:58Z
URV000615,USR0172,MOV0092,VEW002054,3.5,중력을 잃고 찾은 균형,재난 이미지와 감정이 잘 맞았다.,2022-07-24T10:15:21Z
URV000616,USR0172,MOV0136,VEW002055,2.5,비어 있는 숨비소리,제주 분위기는 좋지만 반전이 익숙하다.,2026-05-20T01:20:18Z
URV000617,USR0173,MOV0026,VEW002065,3,목요일 사물함의 쪽지,학교 미스터리는 무난하게 볼 만하다.,2024-10-17T21:37:05Z
URV000618,USR0173,MOV0195,VEW002066,3.5,검은 파도 아래의 작전,잠수 액션과 팀워크가 탄탄했다.,2025-12-31T17:27:29Z
URV000619,USR0173,MOV0190,VEW002067,2,구조대보다 느린 긴장,산악 장면이 반복됐다.,2025-05-11T16:41:31Z
URV000620,USR0174,MOV0112,VEW002077,3,산신령의 민원 처리법,설화 행정 코미디가 가볍게 재밌다.,2025-01-07T15:39:07Z
URV000621,USR0174,MOV0106,VEW002078,1,바람 창고의 빈 결말,아무것도 회수하지 못했다.,2026-07-02T18:56:07Z
URV000622,USR0174,MOV0067,VEW002079,2.5,퇴근 후 추리의 야근,사건이 길고 해답은 단순하다.,2026-07-11T19:23:01Z
URV000623,USR0175,MOV0101,VEW002089,1.5,달 대여점의 긴 약관,설명이 모험을 덮었다.,2026-03-09T16:53:50Z
URV000624,USR0175,MOV0040,VEW002090,2.5,어제 비밀번호의 혼란,설정은 좋지만 수사가 헐겁다.,2024-09-07T05:09:23Z
URV000625,USR0175,MOV0149,VEW002091,4,느림이 이긴 특급열차,나무늘보의 방식이 웃기고 따뜻했다.,2025-04-30T21:54:31Z
URV000626,USR0176,MOV0119,VEW002101,3,나무가 외운 옛집 주소,발상은 좋지만 전개가 차분하다.,2025-04-12T05:39:49Z
URV000627,USR0176,MOV0045,VEW002102,1.5,라디오 정적보다 긴 이야기,복고 감성에만 기댔다.,2024-07-10T09:24:25Z
URV000628,USR0176,MOV0175,VEW002103,3,콜센터의 새벽 근무표,현실적이지만 에피소드 편차가 있다.,2024-12-08T19:25:37Z
URV000629,USR0177,MOV0135,VEW002113,3.5,빈 의자가 남긴 가족사진,시각 단서가 정교했다.,2025-06-17T18:28:43Z
URV000630,USR0177,MOV0191,VEW002114,1,첫 배달부의 마지막 개연성,시대 액션이 허술했다.,2023-08-23T10:55:35Z
URV000631,USR0177,MOV0199,VEW002115,2.5,기상대의 잔잔한 근무일지,정보는 좋지만 드라마가 약하다.,2025-05-25T09:43:04Z
URV000632,USR0178,MOV0016,VEW002125,1.5,현상액에 빠진 상투성,마지막 손님의 비밀이 뻔했다.,2025-11-21T15:00:02Z
URV000633,USR0178,MOV0120,VEW002126,1.5,품절 마법의 빈 진열대,에피소드가 단조롭다.,2025-05-10T22:38:42Z
URV000634,USR0178,MOV0013,VEW002127,3.5,대답 없는 강의 깊은 여운,겨울 풍경과 상실감이 잘 어울렸다.,2025-08-27T03:26:31Z
URV000635,USR0179,MOV0158,VEW002137,3.5,로봇 강아지가 배운 진심,아이와의 이별이 뭉클했다.,2025-07-05T20:50:57Z
URV000636,USR0179,MOV0011,VEW002138,2.5,옥상 겨울의 느린 해빙,도시 농업은 좋지만 갈등이 익숙하다.,2023-02-03T00:46:51Z
URV000637,USR0179,MOV0090,VEW002139,3,멈춤 없는 도시의 질주,속도는 좋지만 메시지가 직설적이다.,2025-09-17T05:11:53Z
URV000638,USR0180,MOV0074,VEW002149,2.5,화분 면접관의 짧은 농담,발상이 금방 소진된다.,2025-06-08T07:35:35Z
URV000639,USR0180,MOV0126,VEW002150,1,흰 운동화의 과한 눈물,감정을 억지로 밀어붙였다.,2026-05-07T12:42:09Z
URV000640,USR0180,MOV0010,VEW002151,4,비와 함께 고친 오래된 옷,수선집 손님들의 사연이 정겹다.,2025-11-20T16:56:27Z
URV000641,USR0181,MOV0028,VEW002161,3,봉투를 쫓는 골목의 밤,추적은 빠르지만 결말은 평범하다.,2024-11-26T10:38:09Z
URV000642,USR0181,MOV0027,VEW002162,3.5,파도 밑에서 건진 목소리,수중 음향과 미스터리가 잘 맞았다.,2022-04-14T06:38:18Z
URV000643,USR0181,MOV0109,VEW002163,2,시간 빵의 덜 익은 규칙,판타지가 편의적이다.,2025-07-27T01:44:30Z
URV000644,USR0182,MOV0105,VEW002173,2.5,기억 꽃의 빠른 개화,세계관은 좋지만 감정이 급하다.,2024-06-09T11:21:59Z
URV000645,USR0182,MOV0061,VEW002174,3,잠입한 부장님의 무난한 활약,가볍게 웃을 만하다.,2024-10-13T05:28:54Z
URV000646,USR0182,MOV0141,VEW002175,3.5,연필 끝에서 열린 바다,손그림 모험의 질감이 아름답다.,2024-10-31T04:18:21Z
URV000647,USR0183,MOV0070,VEW002185,2,초보 사회자의 뻔한 실수,결혼식 소동이 익숙하다.,2025-06-07T05:34:27Z
URV000648,USR0183,MOV0084,VEW002186,3.5,새벽 두 시의 감정 대여,외로운 손님들의 사연이 인상적이다.,2026-06-15T01:57:57Z
URV000649,USR0183,MOV0152,VEW002187,2,양말 짝 찾기의 반복,캐릭터 외에는 힘이 없다.,2025-09-22T21:15:24Z
URV000650,USR0184,MOV0133,VEW002197,3,녹음되지 않은 소리의 정체,음향은 좋지만 결말이 무난하다.,2026-02-13T19:18:52Z
URV000651,USR0184,MOV0099,VEW002198,3.5,별빛 우체국의 마지막 영업,폐점을 앞둔 우편물 사연이 따뜻했다.,2026-02-14T18:48:55Z
URV000652,USR0184,MOV0190,VEW002199,2.5,백두대간의 익숙한 구조,설원은 좋지만 팀 갈등이 뻔하다.,2026-06-05T12:34:37Z
URV000653,USR0185,MOV0187,VEW002209,4,불길 너머 지킨 약속,산불 진화 현장의 판단이 현실적이다.,2025-12-06T20:39:03Z
URV000654,USR0185,MOV0096,VEW002210,1.5,화성 막차의 고장 난 이야기,우주 설정을 낭비했다.,2023-07-08T08:29:08Z
URV000655,USR0185,MOV0065,VEW002211,1.5,사과만 씹다 끝난 코미디,농담이 반복됐다.,2025-09-14T04:12:19Z
URV000656,USR0186,MOV0172,VEW002221,1,섬에 책만 도착했다,사람들의 이야기는 오지 않았다.,2026-05-15T23:11:59Z
URV000657,USR0186,MOV0197,VEW002222,3,드론이 그린 서울 야경,볼거리는 좋지만 승부는 평범하다.,2026-04-01T04:43:00Z
URV000658,USR0186,MOV0160,VEW002223,3,투명 공룡의 발자국,상상력은 좋지만 결말이 무난하다.,2026-06-04T15:36:30Z
URV000659,USR0187,MOV0075,VEW002233,2,회장님보다 사라진 웃음,동호회 풍자가 단순하다.,2025-03-04T05:12:25Z
URV000660,USR0187,MOV0061,VEW002234,3,오늘도 들킨 부장님의 위장,예상 가능해도 가볍게 웃겼다.,2024-12-21T22:30:34Z
URV000661,USR0187,MOV0032,VEW002235,2.5,마지막 전화의 약한 단서,콜센터 분위기만 남았다.,2024-02-04T10:38:55Z
URV000662,USR0188,MOV0086,VEW002245,3.5,미래에도 그리운 집 반찬,기술과 가족의 맛을 잘 엮었다.,2026-07-05T22:14:44Z
URV000663,USR0188,MOV0055,VEW002246,2.5,첫눈 예약 실패 안내,겨울 감성은 좋지만 로맨스가 평범하다.,2026-07-01T03:48:47Z
URV000664,USR0188,MOV0028,VEW002247,2.5,검은 봉투의 긴 우회로,추적이 복잡하기만 하다.,2026-01-22T20:05:07Z
URV000665,USR0189,MOV0119,VEW002257,3,주소를 기억한 느티나무,동네 역사와 판타지가 잘 어울렸다.,2026-05-07T13:34:28Z
URV000666,USR0189,MOV0161,VEW002258,3.5,시장 셔터가 오르기 전,새벽 노동의 소리가 생생했다.,2025-09-04T01:59:13Z
URV000667,USR0189,MOV0020,VEW002259,1,달력 뒤의 빈 약속,비밀도 감정도 설득력이 없다.,2025-07-11T15:39:28Z
URV000668,USR0190,MOV0199,VEW002269,3,독도 바람의 근무 일지,관측 업무는 흥미롭지만 드라마가 약하다.,2026-06-22T05:37:42Z
URV000669,USR0190,MOV0087,VEW002270,2.5,우주 엘리베이터의 긴 대기,1층 설정만 신선했다.,2026-02-27T15:51:15Z
URV000670,USR0190,MOV0091,VEW002271,3,달 편의점의 야간 교대,우주 생활 농담이 소소하게 재밌다.,2026-05-04T23:06:15Z
URV000671,USR0191,MOV0138,VEW002281,3,기도 알림이 울린 시간,디지털 공포의 시작은 좋았다.,2025-11-06T08:49:29Z
URV000672,USR0191,MOV0189,VEW002282,3,택시 안 열두 시간의 서울,승객 사연은 좋지만 연결이 약하다.,2026-06-18T12:36:15Z
URV000673,USR0191,MOV0176,VEW002283,3.5,연어가 표시한 복원 구간,생태 현장을 차분히 보여 줬다.,2024-11-21T18:48:53Z
URV000674,USR0192,MOV0076,VEW002293,3,고시원 주방의 한 그릇,따뜻하지만 전개는 무난하다.,2026-06-23T17:40:51Z
URV000675,USR0192,MOV0086,VEW002294,3,2058년의 오래된 손맛,미래 식생활 상상이 흥미롭다.,2026-02-22T03:23:00Z
URV000676,USR0192,MOV0116,VEW002295,3,새벽 골목의 별 조각,환경미화원 판타지가 소박하다.,2026-01-24T04:46:01Z
URV000677,USR0193,MOV0158,VEW002305,3,꼬리를 찾은 로봇 강아지,우정은 좋지만 악역이 단순하다.,2024-04-09T18:27:53Z
URV000678,USR0193,MOV0108,VEW002306,3,종이배가 닿은 집의 기억,따뜻하지만 결말이 쉽다.,2026-05-04T22:36:08Z
URV000679,USR0193,MOV0094,VEW002307,3,무인도에 도착한 택배,배송 SF는 신선하지만 후반이 평범하다.,2024-08-05T06:10:21Z
URV000680,USR0194,MOV0096,VEW002317,1.5,화성 막차의 끝없는 지연,긴장도 감정도 없다.,2026-02-26T18:39:08Z
URV000681,USR0194,MOV0109,VEW002318,2,빵집에서 탄 시간,판타지 규칙이 허술하다.,2026-05-28T20:54:20Z
URV000682,USR0194,MOV0123,VEW002319,2.5,거울보다 먼저 보인 반전,예측 가능한 공포다.,2026-06-11T13:56:42Z
URV000683,USR0195,MOV0032,VEW002329,2.5,호출번호의 약한 메아리,사건 해결이 싱겁다.,2026-05-01T00:35:07Z
URV000684,USR0195,MOV0196,VEW002330,3.5,왕국을 다시 그린 지도,지리 지식과 모험이 잘 맞았다.,2025-07-10T02:06:46Z
URV000685,USR0195,MOV0006,VEW002331,3.5,바다에 닿은 마지막 버스,승객들의 밤이 따뜻하게 이어진다.,2026-03-19T19:21:49Z
URV000686,USR0196,MOV0036,VEW002341,4.5,연체 기록에 숨은 실종자,도서관 추리의 완성도가 높았다.,2025-12-06T17:28:43Z
URV000687,USR0196,MOV0025,VEW002342,3,흰 장갑이 본 밤,목격자 설정은 좋지만 결말은 무난하다.,2025-12-24T15:31:16Z
URV000688,USR0196,MOV0135,VEW002343,2.5,빈 의자의 익숙한 사연,사진 연출만 선명했다.,2026-03-09T05:21:57Z
URV000689,USR0197,MOV0141,VEW002353,3,연필로 넘은 푸른 파도,그림은 아름답지만 서사는 단순하다.,2026-01-20T06:13:21Z
URV000690,USR0197,MOV0038,VEW002354,4,분실 신고에 찍힌 봉인,야간 수사의 리듬이 탄탄했다.,2026-05-27T06:13:51Z
URV000691,USR0197,MOV0020,VEW002355,1.5,달력 뒤에도 답은 없었다,비밀이 억지스럽다.,2024-09-18T00:30:52Z
URV000692,USR0198,MOV0055,VEW002365,2.5,첫눈 예약의 평범한 취소,겨울 분위기만 남았다.,2026-02-14T03:33:48Z
URV000693,USR0198,MOV0133,VEW002366,2.5,비명 없는 녹음 파일,소리는 좋지만 인물이 답답하다.,2024-01-14T13:11:06Z
URV000694,USR0198,MOV0093,VEW002367,1.5,알고리즘을 묻고 이야기도 묻었다,풍자가 얕다.,2026-07-10T02:26:50Z
URV000695,USR0199,MOV0036,VEW002377,4.5,도서관이 기억한 연체자,단서와 감정이 정교하게 맞물렸다.,2025-08-20T14:58:47Z
URV000696,USR0199,MOV0001,VEW002378,3.5,세탁 지도 위의 새벽 사람들,생활의 온도가 좋았다.,2024-11-14T00:07:56Z
URV000697,USR0199,MOV0181,VEW002379,2,철의 강을 건넌 빈 서사,산업 액션이 반복된다.,2024-06-19T05:07:13Z
URV000698,USR0200,MOV0199,VEW002389,1.5,독도 풍경만 맑은 하루,인물과 사건은 흐렸다.,2025-05-11T09:29:53Z
URV000699,USR0200,MOV0065,VEW002390,1.5,사과 농담의 유통기한,같은 웃음을 반복했다.,2025-12-31T04:10:21Z
URV000700,USR0200,MOV0183,VEW002391,2,해동검의 무거운 설명서,액션보다 해설이 길다.,2026-07-19T10:18:28Z
URV000701,USR0201,MOV0122,VEW002401,3.5,새벽 금지 구역의 발자국,배송 노동과 미스터리가 잘 맞았다.,2026-03-13T06:31:09Z
URV000702,USR0201,MOV0100,VEW002402,2,오류 코드로 끝낸 가족 문제,해결이 너무 간단하다.,2026-04-29T09:42:31Z
URV000703,USR0201,MOV0023,VEW002403,4,17초 음성의 결정적 잡음,복원 과정이 치밀하고 긴장됐다.,2025-05-03T15:37:10Z
URV000704,USR0202,MOV0134,VEW002413,2.5,13번 냉동문의 서늘함,공간은 좋지만 인물이 답답하다.,2025-01-05T17:21:02Z
URV000705,USR0202,MOV0040,VEW002414,3,어제 비밀번호로 열린 오늘,아이디어는 좋지만 추리가 느슨하다.,2025-04-25T02:20:37Z
URV000706,USR0202,MOV0198,VEW002415,2,남산 인쇄소의 흐린 활자,시대 액션이 얕다.,2025-09-03T03:37:08Z
URV000707,USR0203,MOV0200,VEW002425,2.5,방패연 액션의 짧은 바람,볼거리에 비해 인물이 약하다.,2026-01-05T16:18:38Z
URV000708,USR0203,MOV0141,VEW002426,2,연필 바다의 지워진 모험,그림 외에는 힘이 없다.,2026-07-05T16:44:35Z
URV000709,USR0203,MOV0107,VEW002427,2,밤을 팔고 설정만 남겼다,편의점 에피소드가 단순하다.,2026-02-13T12:44:19Z
URV000710,USR0204,MOV0148,VEW002437,3.5,지하철을 헤엄친 고래,도시 환상이 아름답고 뭉클했다.,2026-02-28T20:44:26Z
URV000711,USR0204,MOV0156,VEW002438,2.5,바다 유리의 옅은 노래,환경 메시지와 가족사가 겉돈다.,2024-10-03T15:14:49Z
URV000712,USR0204,MOV0053,VEW002439,2.5,사진 밖의 바람만 좋았다,영상에 비해 감정이 약하다.,2026-04-09T07:04:16Z
URV000713,USR0205,MOV0130,VEW002449,3,마지막 상영의 낯선 손님,극장 공포는 좋지만 결말이 안전하다.,2022-05-18T18:00:23Z
URV000714,USR0205,MOV0071,VEW002450,3.5,문 앞에 놓인 작은 웃음,택배기사의 하루가 따뜻하고 현실적이다.,2025-10-18T18:22:34Z
URV000715,USR0205,MOV0133,VEW002451,3,녹음 바깥의 비명,음향 장치는 좋지만 후반이 평범하다.,2025-08-09T12:01:12Z
URV000716,USR0206,MOV0159,VEW002461,4,파도에 지워지는 우체국,모래성 편지의 여정이 아름다웠다.,2024-04-23T15:45:53Z
URV000717,USR0206,MOV0057,VEW002462,2.5,빈자리 앞의 긴 독백,상실 감정을 반복한다.,2024-08-19T23:03:41Z
URV000718,USR0206,MOV0152,VEW002463,1,양말 짝의 끝없는 숨바꼭질,단조롭다.,2026-03-24T11:12:57Z
URV000719,USR0207,MOV0109,VEW002473,2.5,시간 빵의 애매한 맛,규칙이 들쭉날쭉하다.,2026-01-07T02:35:47Z
URV000720,USR0207,MOV0040,VEW002474,3.5,어제 암호가 연 오늘의 문,시간 추리의 발상이 영리했다.,2024-06-30T06:04:18Z
URV000721,USR0207,MOV0002,VEW002475,3.5,을지로 기술자가 고친 별,골목의 손맛과 판타지가 매력적이다.,2026-07-25T09:06:34Z
URV000722,USR0208,MOV0200,VEW002485,3,마지막 방패연의 바람길,전통 액션은 좋지만 결말은 무난하다.,2026-04-12T15:43:02Z
URV000723,USR0208,MOV0042,VEW002486,2,7.5센티미터의 답답한 거리,비유가 반복됐다.,2026-05-26T07:33:47Z
URV000724,USR0208,MOV0025,VEW002487,2.5,흰 장갑의 흐린 증언,목격자 설정만 흥미롭다.,2026-05-23T12:49:48Z
URV000725,USR0209,MOV0133,VEW002497,3,비명이 빠진 녹음의 밤,소리 공포가 볼 만했다.,2025-12-30T15:51:59Z
URV000726,USR0209,MOV0152,VEW002498,2,수상한 양말의 평범한 짝,모험이 반복된다.,2025-10-13T02:29:59Z
URV000727,USR0209,MOV0040,VEW002499,3.5,비밀번호가 기억한 어제,시간 단서 회수가 깔끔했다.,2026-03-05T01:55:46Z
URV000728,USR0210,MOV0193,VEW002509,2,707호 열차의 느린 추격,액션이 단조롭다.,2025-07-30T02:46:22Z
URV000729,USR0210,MOV0196,VEW002510,4.5,왕의 경계를 바꾼 지도,사극의 권력과 지리를 탁월하게 엮었다.,2025-06-14T21:54:49Z
URV000730,USR0210,MOV0159,VEW002511,3,모래성 우체국의 배달표,아름답지만 다소 단순하다.,2026-07-10T04:31:55Z
URV000731,USR0211,MOV0157,VEW002521,4,구름 엄마와 바람 아빠의 집,가족 판타지가 포근했다.,2023-06-17T02:38:00Z
URV000732,USR0211,MOV0155,VEW002522,3.5,눈사람이 만난 따뜻한 봄,짧은 소풍의 여운이 좋았다.,2026-07-09T00:03:12Z
URV000733,USR0211,MOV0051,VEW002523,2,월세도 고백도 미뤄졌다,두 소재가 겉돈다.,2025-12-23T02:17:52Z
URV000734,USR0212,MOV0178,VEW002533,1.5,고향 번역의 오역,감정이 과하게 설명된다.,2026-05-18T15:28:34Z
URV000735,USR0212,MOV0067,VEW002534,3.5,퇴근 뒤 장부 탐정,생활 단서로 푸는 추리가 유쾌했다.,2026-01-20T03:35:33Z
URV000736,USR0212,MOV0163,VEW002535,3,바람을 센 사람들의 논쟁,현장은 좋지만 결론이 평이하다.,2025-07-21T00:37:21Z
URV000737,USR0213,MOV0165,VEW002545,2.5,수선이 필요한 도시 기록,사례는 좋지만 연결이 약하다.,2026-06-21T22:25:52Z
URV000738,USR0213,MOV0161,VEW002546,4,백 가지 목소리로 연 시장,노동의 생동감이 뛰어났다.,2025-05-12T15:07:37Z
URV000739,USR0213,MOV0109,VEW002547,2,시간 빵의 탄 가장자리,세계관이 허술하다.,2025-03-25T09:22:27Z
URV000740,USR0214,MOV0077,VEW002557,3,정시 퇴근을 향한 회의,공감되지만 결말은 무난하다.,2025-12-05T23:15:15Z
URV000741,USR0214,MOV0121,VEW002558,1.5,0호실까지 너무 긴 복도,공포가 반복된다.,2026-03-31T15:04:17Z
URV000742,USR0214,MOV0196,VEW002559,3,왕의 지도를 그린 손,미술은 좋지만 정치극이 단순하다.,2026-02-20T14:14:12Z
URV000743,USR0215,MOV0103,VEW002569,3.5,지하철에 올라탄 비밀 정원,도시 판타지의 이동감이 좋았다.,2025-06-30T06:24:08Z
URV000744,USR0215,MOV0104,VEW002570,3.5,구름을 꿰매는 장인의 손,하늘 미술과 감정이 아름답다.,2026-04-11T23:22:55Z
URV000745,USR0215,MOV0013,VEW002571,3.5,소양강의 긴 침묵,겨울 풍경과 상실이 잔잔하게 남았다.,2026-07-11T10:08:21Z
URV000746,USR0216,MOV0126,VEW002581,1,흰 운동화로 강요한 눈물,감정이 과하다.,2026-01-20T11:08:57Z
URV000747,USR0216,MOV0176,VEW002582,3.5,연어가 되찾은 귀환 지도,생태 복원의 과정이 설득력 있다.,2024-06-04T08:35:46Z
URV000748,USR0216,MOV0075,VEW002583,2,사라진 회장보다 흐린 회원들,인물이 얕다.,2026-06-23T22:32:39Z
URV000749,USR0217,MOV0054,VEW002593,1,모르는 사이로 끝낸 억지,관계 변화가 납득되지 않는다.,2026-07-06T20:52:38Z
URV000750,USR0217,MOV0141,VEW002594,3,연필 바다의 잔잔한 항해,그림체는 좋지만 모험이 무난하다.,2025-12-22T02:09:57Z
URV000751,USR0217,MOV0119,VEW002595,3.5,나이테가 기억한 번지수,마을의 시간을 주소로 엮은 발상이 좋았다.,2025-05-11T00:18:02Z
URV000752,USR0218,MOV0187,VEW002605,4,산불선 밖의 사람들,현장 액션과 공동체의 선택이 묵직했다.,2024-07-01T03:12:16Z
URV000753,USR0218,MOV0185,VEW002606,1.5,국경만 넘고 서사는 멈췄다,태권도 대결이 단조롭다.,2024-12-13T19:37:10Z
URV000754,USR0218,MOV0068,VEW002607,3,아버지의 늦은 센터 도전,따뜻하지만 경연 공식은 익숙하다.,2026-01-11T04:07:00Z
URV000755,USR0219,MOV0168,VEW002617,2,폐어망 다큐의 얕은 그물,문제 제시에 비해 분석이 부족하다.,2026-04-02T14:37:35Z
URV000756,USR0219,MOV0196,VEW002618,3,지도에 숨긴 왕의 길,시대 미술은 좋지만 정치극이 평이하다.,2025-10-28T18:55:18Z
URV000757,USR0219,MOV0164,VEW002619,2,한 그릇에 몰린 목소리,인물을 깊게 다루지 못했다.,2025-11-15T17:22:26Z
URV000758,USR0220,MOV0023,VEW002629,3.5,17초를 되감은 수사,작은 음향 단서가 효과적이었다.,2025-06-09T06:45:33Z
URV000759,USR0220,MOV0169,VEW002630,3,귀갓길의 낮은 문턱,이동권 현실은 좋지만 결말이 안전하다.,2026-05-24T03:40:41Z
URV000760,USR0220,MOV0109,VEW002631,2,빵집 시계가 늦었다,시간 규칙이 혼란스럽다.,2025-11-25T23:15:23Z
URV000761,USR0221,MOV0028,VEW002641,2,검은 봉투만 바쁜 추적,인물의 동기가 약하다.,2026-05-18T10:52:30Z
URV000762,USR0221,MOV0199,VEW002642,2,기상 관측표만 남은 독도,드라마가 부족하다.,2026-03-08T00:56:09Z
URV000763,USR0221,MOV0160,VEW002643,2.5,투명 공룡의 반복 장난,아이디어가 금방 소진된다.,2026-02-20T03:42:50Z
URV000764,USR0222,MOV0045,VEW002653,1.5,라디오가 끝나기만 기다렸다,전개가 늘어진다.,2025-08-10T15:02:24Z
URV000765,USR0222,MOV0085,VEW002654,4,복제인도 휴가가 필요하다,노동권 SF를 재치 있게 풀었다.,2026-05-14T23:49:19Z
URV000766,USR0222,MOV0054,VEW002655,1.5,모르는 척하다 잊힌 감정,로맨스가 억지스럽다.,2026-03-04T15:04:59Z
URV000767,USR0223,MOV0077,VEW002665,2.5,퇴근 시간은 계속 미뤄졌다,직장 농담이 반복된다.,2025-11-04T06:19:15Z
URV000768,USR0223,MOV0189,VEW002666,3.5,서울을 달린 열두 시간,택시 승객들의 사연이 생생했다.,2026-07-05T09:07:59Z
URV000769,USR0223,MOV0120,VEW002667,1,마법도 재미도 품절,상점 이야기가 비어 있다.,2023-11-23T17:18:22Z
URV000770,USR0224,MOV0154,VEW002677,1.5,방망이보다 고장 난 이야기,AS센터 농담만 반복됐다.,2025-09-12T08:04:44Z
URV000771,USR0224,MOV0076,VEW002678,3,고시원 야식의 온도,이웃 사연은 따뜻하지만 무난하다.,2026-01-08T13:22:20Z
URV000772,USR0224,MOV0099,VEW002679,3,별빛 우체국 폐점 하루 전,분위기는 좋지만 결말이 평범하다.,2026-04-23T23:38:46Z
URV000773,USR0225,MOV0086,VEW002689,3.5,2058년 식탁의 옛 레시피,미래와 향수를 자연스럽게 엮었다.,2025-08-24T21:45:28Z
URV000774,USR0225,MOV0043,VEW002690,2.5,접힌 비행운의 흔한 사연,영상만 기억에 남았다.,2026-03-25T20:41:32Z
URV000775,USR0225,MOV0072,VEW002691,3.5,할머니의 백 점짜리 애창곡,세대 코미디가 유쾌하고 따뜻했다.,2023-03-25T05:18:44Z
URV000776,USR0226,MOV0034,VEW002701,2.5,타자음 뒤의 쉬운 정답,벽 너머 비밀이 뻔하다.,2024-10-17T17:48:07Z
URV000777,USR0226,MOV0001,VEW002702,4.5,세탁표에 그려진 도시의 마음,인물과 골목의 결이 깊었다.,2024-10-30T05:24:54Z
URV000778,USR0226,MOV0032,VEW002703,2,마지막 호출도 심심했다,수사에 긴장감이 없다.,2024-09-09T19:37:14Z
URV000779,USR0227,MOV0049,VEW002713,3.5,번역되지 않은 봄밤의 표정,침묵을 잘 살린 로맨스다.,2023-10-07T20:18:08Z
URV000780,USR0227,MOV0104,VEW002714,3,구름 수선소의 무난한 근무일,미술은 좋지만 사건이 단순하다.,2026-04-04T11:27:36Z
URV000781,USR0227,MOV0144,VEW002715,2,빠른 편지의 느린 긴장,갈등이 약하다.,2026-04-18T23:04:51Z
URV000782,USR0228,MOV0183,VEW002725,2.5,해동검 액션의 짧은 불꽃,설명이 전투를 덮었다.,2026-02-23T06:18:46Z
URV000783,USR0228,MOV0147,VEW002726,3,별똥별 수리 접수증,정비소 세계가 귀엽지만 무난하다.,2025-11-18T05:24:11Z
URV000784,USR0228,MOV0082,VEW002727,1,기억 세탁의 고장 난 예약표,규칙과 감정이 모두 흐리다.,2025-12-21T04:18:51Z
URV000785,USR0229,MOV0069,VEW002737,3,공유 냉장고의 이웃 레시피,소동 뒤의 온기가 좋았다.,2023-07-05T04:10:37Z
URV000786,USR0229,MOV0097,VEW002738,4.5,전파가 끊겨 열린 현관문,공동체 생존기가 뛰어났다.,2026-06-12T16:31:03Z
URV000787,USR0229,MOV0129,VEW002739,2.5,반지하 파도 소리의 반복,메시지는 좋지만 전개가 무겁다.,2025-08-10T23:11:16Z
URV000788,USR0230,MOV0112,VEW002749,3,산신령의 민원 번호표,설정은 재밌지만 결말이 평이하다.,2025-01-11T12:43:36Z
URV000789,USR0230,MOV0187,VEW002750,4,산불선에 남은 발자국,진화대의 선택이 긴장감 있었다.,2025-03-29T12:29:33Z
URV000790,USR0230,MOV0031,VEW002751,4,밤새 깨어 있던 보관함,사연과 미스터리의 연결이 탄탄했다.,2025-10-29T16:19:34Z
URV000791,USR0231,MOV0035,VEW002761,4.5,빨간 코트가 탄 마지막 차,반전과 여운이 정확했다.,2025-10-04T14:10:29Z
URV000792,USR0231,MOV0079,VEW002762,4.5,동네방송이 만든 진짜 특보,웃음과 공동체 감동이 훌륭했다.,2024-12-28T20:05:28Z
URV000793,USR0231,MOV0015,VEW002763,3.5,천천히 익은 제주 겨울,귤밭 가족의 시간이 따뜻했다.,2026-06-29T12:21:55Z
URV000794,USR0232,MOV0088,VEW002773,2,백업 실패한 건 개연성,꿈 기술의 규칙이 허술하다.,2025-01-30T17:55:05Z
URV000795,USR0232,MOV0111,VEW002774,1.5,그림자의 이름만 거창했다,이름을 부르면 살아난다는 규칙이 장면마다 편의적으로 바뀐다.,2024-03-11T01:12:32Z
URV000796,USR0232,MOV0078,VEW002775,3,사장님 없는 가게의 하루,가볍게 보기 좋은 소동극이다.,2026-03-05T09:31:24Z
URV000797,USR0233,MOV0101,VEW002785,1.5,달빛을 빌리고 시간을 잃었다,전개가 느리다.,2026-06-27T16:20:03Z
URV000798,USR0233,MOV0063,VEW002786,2,엄마 계정의 뻔한 비밀번호,세대 갈등이 상투적이다.,2024-06-07T04:38:26Z
URV000799,USR0233,MOV0027,VEW002787,3,파도 밑의 낡은 테이프,음향은 좋지만 수사가 무난하다.,2023-07-18T05:50:22Z
URV000800,USR0234,MOV0017,VEW002797,4,정류장 의자가 본 사계절,동네 사람들의 기다림이 따뜻했다.,2026-02-04T20:56:43Z
URV000801,USR0234,MOV0014,VEW002798,3.5,보증금 없는 집의 단단한 식구,생활 디테일이 좋았다.,2025-07-06T21:20:30Z
URV000802,USR0234,MOV0012,VEW002799,1.5,구두를 찾다 놓친 이야기,우연이 많다.,2023-07-30T06:23:14Z
URV000803,USR0235,MOV0155,VEW002809,3.5,눈사람의 마지막 따뜻한 소풍,봄 풍경이 뭉클했다.,2025-05-31T02:14:08Z
URV000804,USR0235,MOV0021,VEW002810,2,열세 번째 택배함의 뻔한 비밀,반전이 약하다.,2023-05-04T12:38:04Z
URV000805,USR0235,MOV0060,VEW002811,2.5,자막 없이 멀어진 계절,번역 소재가 겉돈다.,2026-07-16T21:58:22Z
URV000806,USR0236,MOV0074,VEW002821,3,반려식물이 고른 지원자,발상은 귀엽고 가볍다.,2022-08-14T21:07:45Z
URV000807,USR0236,MOV0026,VEW002822,2,빈 사물함보다 빈 결말,학교 미스터리가 단순하다.,2024-11-05T08:17:45Z
URV000808,USR0236,MOV0136,VEW002823,2.5,숨비소리 없는 제주 밤,배경에 비해 공포가 약하다.,2024-09-20T18:20:42Z
URV000809,USR0237,MOV0167,VEW002833,4,끝나지 않은 교실의 증언,학생과 교사의 기억을 균형 있게 담았다.,2026-06-06T22:48:32Z
URV000810,USR0237,MOV0044,VEW002834,3,겨울 바다와 퇴근 버스,분위기는 좋지만 전개가 무난하다.,2026-07-14T03:24:17Z
URV000811,USR0237,MOV0122,VEW002835,4,새벽 배송 금지선의 비밀,노동과 스릴러의 균형이 좋았다.,2026-06-28T21:30:01Z
URV000812,USR0238,MOV0190,VEW002845,3.5,백두대간 구조 신호,설원 액션과 팀워크가 탄탄했다.,2022-04-21T19:17:44Z
URV000813,USR0238,MOV0141,VEW002846,3,연필 바다의 종이 파도,아름답지만 모험은 평범하다.,2026-07-05T05:13:25Z
URV000814,USR0238,MOV0183,VEW002847,1,마지막 사수보다 긴 설정,지루하고 납득도 어렵다.,2026-02-07T09:53:25Z
URV000815,USR0239,MOV0101,VEW002857,2.5,빌린 달의 반납 시간,아이디어는 좋지만 사건이 약하다.,2024-10-02T16:03:55Z
URV000816,USR0239,MOV0172,VEW002858,1,도착한 책만 쌓인 섬,사람 이야기가 없다.,2026-05-26T20:08:59Z
URV000817,USR0239,MOV0030,VEW002859,2,신호등이 사라져도 긴장은 없었다,수사가 허술하다.,2024-05-31T10:57:32Z
URV000818,USR0240,MOV0001,VEW002869,4.5,새벽 세탁소가 그린 생활 지도,도시 드라마의 밀도가 높았다.,2026-05-25T07:07:43Z
URV000819,USR0240,MOV0002,VEW002870,3,별을 고치는 을지로 기술,골목 판타지는 좋지만 결말이 쉽다.,2025-06-21T11:35:12Z
URV000820,USR0240,MOV0139,VEW002871,1.5,종이문 뒤의 빈 방,무섭지 않고 느리다.,2026-03-20T05:10:20Z
URV000821,USR0241,MOV0140,VEW002881,3,체크아웃을 잊은 호텔,공간은 좋지만 결말이 무난하다.,2025-04-26T18:08:29Z
URV000822,USR0241,MOV0170,VEW002882,1,마지막 목욕탕의 억지 눈물,인물이 평면적이다.,2024-11-05T01:16:43Z
URV000823,USR0241,MOV0020,VEW002883,2,달력 뒤 약속의 긴 변명,비밀이 설득력 없다.,2025-07-22T07:14:51Z
URV000824,USR0242,MOV0040,VEW002893,2.5,어제 암호의 느슨한 수사,발상만 좋다.,2026-03-11T17:17:01Z
URV000825,USR0242,MOV0014,VEW002894,4,방을 나눠 만든 집,주거 불안과 연대를 진솔하게 그렸다.,2024-11-14T00:58:59Z
URV000826,USR0242,MOV0134,VEW002895,2,13번 문의 반복 냉기,긴장 패턴이 단조롭다.,2026-04-19T23:25:40Z
URV000827,USR0243,MOV0008,VEW002905,3.5,분실물센터에 맡긴 달빛,야간 서울 판타지가 따뜻했다.,2026-03-10T12:55:15Z
URV000828,USR0243,MOV0148,VEW002906,4.5,지하철 터널의 푸른 고래,도시 외로움을 아름답게 위로한다.,2025-12-13T08:59:41Z
URV000829,USR0243,MOV0136,VEW002907,3.5,제주 바다의 사라진 숨비소리,해녀 공동체 공포가 깊었다.,2025-07-30T20:38:12Z
URV000830,USR0244,MOV0051,VEW002917,1.5,월세보다 비싼 고백,로맨스도 현실도 어색하다.,2026-01-21T02:31:42Z
URV000831,USR0244,MOV0178,VEW002918,1.5,고향말보다 긴 설명,감정이 살아나지 않는다.,2026-07-09T04:38:50Z
URV000832,USR0244,MOV0101,VEW002919,1,대여한 달이 너무 멀다,지루했다.,2025-06-17T11:09:10Z
URV000833,USR0245,MOV0087,VEW002929,2,우주 엘리베이터의 고장 난 1층,설정만 남았다.,2025-01-10T18:07:52Z
URV000834,USR0245,MOV0136,VEW002930,3,빈 숨비소리의 밤바다,분위기는 좋지만 반전이 평범하다.,2024-07-04T16:11:56Z
URV000835,USR0245,MOV0089,VEW002931,4,내일 날씨의 경매가,기후와 자본을 엮은 설정이 날카롭다.,2026-03-11T12:20:33Z
URV000836,USR0246,MOV0148,VEW002941,3.5,고래와 함께 탄 막차,지하철 환상이 따뜻하고 아름답다.,2024-01-26T20:44:02Z
URV000837,USR0246,MOV0186,VEW002942,2,88구역의 같은 밤,순찰 장면이 반복됐다.,2026-05-10T05:01:51Z
URV000838,USR0246,MOV0163,VEW002943,3,풍력계에 담긴 마을의 논쟁,풍력단지 현장은 생생하지만 주민 합의의 결론이 평이하다.,2026-04-07T08:00:55Z
URV000839,USR0247,MOV0134,VEW002953,1.5,냉동창고에 얼어붙은 전개,답답했다.,2022-08-20T12:46:49Z
URV000840,USR0247,MOV0195,VEW002954,2.5,검은 파도보다 얕은 작전,액션만 화려하다.,2026-05-30T00:55:19Z
URV000841,USR0247,MOV0017,VEW002955,3.5,정류장 의자에 앉은 시간,동네의 사계절이 따뜻했다.,2025-02-17T20:50:12Z
URV000842,USR0248,MOV0199,VEW002965,3,기상대 창밖의 독도,관측 장면은 좋지만 잔잔하다.,2025-04-22T06:12:12Z
URV000843,USR0248,MOV0160,VEW002966,2.5,투명 공룡의 희미한 발자국,상상력은 좋지만 반복된다.,2026-06-08T14:06:28Z
URV000844,USR0248,MOV0113,VEW002967,2.5,걷는 물고기의 긴 밤,풍경 외에는 산만하다.,2026-02-16T14:58:40Z
URV000845,USR0249,MOV0157,VEW002977,4,구름과 바람이 키운 아이,가족 판타지가 다정했다.,2026-04-18T03:19:31Z
URV000846,USR0249,MOV0084,VEW002978,4.5,빌린 감정으로 찾은 진심,24시 가게의 손님들이 깊은 여운을 남겼다.,2026-04-17T22:10:53Z
URV000847,USR0249,MOV0119,VEW002979,2.5,나무가 외운 주소의 반복,발상에 비해 전개가 느리다.,2024-09-15T00:18:30Z
URV000848,USR0250,MOV0076,VEW002989,3,고시원 셰프의 야식 한 상,따뜻하지만 익숙하다.,2026-04-02T10:22:34Z
URV000849,USR0250,MOV0014,VEW002990,3.5,보증금 없이 얻은 이웃,공동생활의 현실감이 좋았다.,2026-04-26T13:29:07Z
URV000850,USR0250,MOV0133,VEW002991,2.5,녹음되지 않은 비명의 잔향,음향만 기억에 남는다.,2026-07-03T04:13:37Z
URV000851,USR0251,MOV0069,VEW003001,2.5,공유 냉장고의 반복 소동,이웃 갈등이 단조롭다.,2025-06-03T04:48:13Z
URV000852,USR0251,MOV0188,VEW003002,2,청해진의 흐릿한 그림자,전투의 맥락이 얕다.,2026-03-08T09:36:07Z
URV000853,USR0251,MOV0125,VEW003003,2,빈 교실보다 빈 공포,출석부 설정을 살리지 못했다.,2025-08-04T22:25:55Z
URV000854,USR0252,MOV0009,VEW003013,4.5,유리창을 건넌 가장 다정한 목소리,소리와 감정의 결이 뛰어났다.,2026-05-01T21:36:38Z
URV000855,USR0252,MOV0026,VEW003014,1.5,목요일 사물함의 뻔한 쪽지,같은 단서를 오래 반복해 마지막 쪽지까지 기다리기 지루했다.,2026-05-19T14:10:43Z
URV000856,USR0252,MOV0196,VEW003015,3,지도 제작자의 무난한 역모,미술은 좋지만 정치극이 익숙하다.,2026-02-07T10:40:08Z
URV000857,USR0253,MOV0080,VEW003025,4,파업 로봇이 바꾼 가족 회의,유쾌한 노동 풍자다.,2024-08-28T19:40:55Z
URV000858,USR0253,MOV0140,VEW003026,3,끝나지 않는 호텔의 밤,공간은 매력적이지만 결말이 평이하다.,2025-12-19T21:22:13Z
URV000859,USR0253,MOV0191,VEW003027,1,조선 배달부의 허술한 길,액션도 인물도 약하다.,2025-06-11T02:52:12Z
URV000860,USR0254,MOV0093,VEW003037,1.5,알고리즘 장례의 긴 추도사,풍자가 얕고 반복적이다.,2026-02-07T10:23:56Z
URV000861,USR0254,MOV0157,VEW003038,4.5,구름과 바람 사이의 가장 포근한 집,가족 애니메이션의 감정이 훌륭했다.,2026-07-05T04:19:32Z
URV000862,USR0254,MOV0081,VEW003039,1.5,두 번째 달 아래 첫 번째 진부함,서울 SF가 겉멋에 머문다.,2026-05-18T10:26:17Z
URV000863,USR0255,MOV0055,VEW003049,2.5,예약하지 못한 첫눈의 공식,예쁜 겨울 로맨스에 그쳤다.,2026-07-20T10:07:23Z
URV000864,USR0255,MOV0158,VEW003050,4,진짜 꼬리를 찾은 로봇 친구,아이의 성장과 이별이 따뜻했다.,2024-10-15T03:31:02Z
URV000865,USR0255,MOV0073,VEW003051,3.5,사라진 대리님의 메신저 흔적,회사 생활 추리가 재치 있었다.,2024-04-18T20:13:40Z
URV000866,USR0256,MOV0131,VEW003061,3.5,문밖에 놓인 어제의 신발,시간 공포의 일상성이 좋았다.,2025-01-31T15:04:15Z
URV000867,USR0256,MOV0121,VEW003062,1,0호실 문은 열리지 말았어야 했다,반복되고 지루하다.,2026-01-12T01:07:02Z
URV000868,USR0256,MOV0085,VEW003063,3,복제인의 연차 계산법,노동 SF는 좋지만 결말이 무난하다.,2026-07-17T17:45:04Z
URV000869,USR0257,MOV0020,VEW003073,1,달력 뒤에는 공백뿐,이야기가 성립하지 않는다.,2025-06-21T14:41:03Z
URV000870,USR0257,MOV0178,VEW003074,1.5,번역할수록 납작해진 고향,감정이 없다.,2026-05-02T09:34:57Z
URV000871,USR0257,MOV0074,VEW003075,3,화분이 뽑은 최종 합격자,가볍고 귀여운 직장 코미디다.,2023-08-18T14:15:38Z
URV000872,USR0258,MOV0121,VEW003085,2.5,복도 끝에서 약해진 공포,초반만 좋았다.,2025-06-01T22:04:26Z
URV000873,USR0258,MOV0020,VEW003086,1,약속보다 긴 변명,달력 장치가 억지스럽다.,2024-04-23T00:54:46Z
URV000874,USR0258,MOV0005,VEW003087,3.5,파란 우산의 다음 대여자,골목 인연이 다정했다.,2023-10-13T06:23:27Z
URV000875,USR0259,MOV0123,VEW003097,2.5,거울이 먼저 보여 준 결말,반전이 뻔하다.,2025-10-31T02:05:23Z
URV000876,USR0259,MOV0093,VEW003098,1.5,추천 목록처럼 반복된 풍자,알고리즘보다 단순하다.,2026-06-11T05:07:21Z
URV000877,USR0259,MOV0144,VEW003099,2,달팽이 편지의 느린 도착,귀엽지만 사건이 없다.,2025-12-18T18:41:01Z
URV000878,USR0260,MOV0025,VEW003109,3,흰 장갑이 가리킨 골목,목격자 추리는 무난하게 볼 만하다.,2026-06-24T03:55:38Z
URV000879,USR0260,MOV0175,VEW003110,4,새벽 네 시의 진짜 목소리,감정 노동을 진솔하게 담았다.,2025-12-02T23:30:07Z
URV000880,USR0260,MOV0152,VEW003111,2.5,양말 짝의 무난한 귀환,캐릭터만 귀엽다.,2026-02-23T13:00:19Z
URV000881,USR0261,MOV0120,VEW003121,1,품절된 마법보다 빈 이야기,볼 것이 없다.,2024-04-07T02:56:20Z
URV000882,USR0261,MOV0070,VEW003122,2.5,사회를 망친 익숙한 실수,결혼식 소동이 뻔하다.,2025-12-29T06:42:29Z
URV000883,USR0261,MOV0122,VEW003123,4,새벽 배송이 멈춘 이유,노동과 추적의 긴장이 훌륭했다.,2024-10-29T00:15:25Z
URV000884,USR0262,MOV0134,VEW003133,2,13번 문만 계속 열린다,냉동창고 문이 열릴 때마다 같은 공포 장면이 반복된다.,2026-02-04T17:43:03Z
URV000885,USR0262,MOV0036,VEW003134,3.5,연체 기록을 읽는 탐정,도서관 단서가 영리했다.,2026-03-16T02:44:45Z
URV000886,USR0262,MOV0182,VEW003135,2,경성 전파사의 약한 주파수,시대 첩보가 밋밋하다.,2026-02-12T19:59:44Z
URV000887,USR0263,MOV0174,VEW003145,4,백 년 씨앗을 지킨 사람들,보존의 가치와 현장 감동이 컸다.,2025-12-30T14:42:51Z
URV000888,USR0263,MOV0198,VEW003146,2,비밀 인쇄소의 흐린 문장,역사와 액션이 겉돈다.,2025-08-20T22:17:04Z
URV000889,USR0263,MOV0059,VEW003147,3,두 번째 엔딩의 잔잔한 박수,극장 감성은 좋지만 익숙하다.,2025-09-09T16:42:08Z
URV000890,USR0264,MOV0136,VEW003157,3.5,해녀의 사라진 숨비소리,제주 여성들의 기억이 서늘했다.,2025-05-28T22:42:17Z
URV000891,USR0264,MOV0121,VEW003158,1.5,복도만 긴 0호실,긴장감이 부족하다.,2025-07-07T04:23:18Z
URV000892,USR0264,MOV0034,VEW003159,2,벽 너머 타자기의 헛소리,추리가 허술하다.,2025-07-11T07:56:47Z
URV000893,USR0265,MOV0132,VEW003169,1.5,벽지는 숨 쉬고 영화는 졸았다,지루하다.,2026-07-06T03:53:06Z
URV000894,USR0265,MOV0105,VEW003170,2,기억 꽃이 시든 이유,규칙이 일관되지 않다.,2026-07-01T16:50:00Z
URV000895,USR0265,MOV0054,VEW003171,1.5,낯선 척하다 끝난 관계,감정이 설득력 없다.,2025-08-06T13:34:47Z
URV000896,USR0266,MOV0122,VEW003181,3,금지 구역의 배송 장부,설정은 좋지만 결말이 평범하다.,2026-04-12T16:44:01Z
URV000897,USR0266,MOV0133,VEW003182,2.5,녹음 밖 비명의 반복,음향 효과에만 의존한다.,2024-01-31T19:01:09Z
URV000898,USR0266,MOV0143,VEW003183,2,종이컵 행성의 작은 궤도,모험이 단조롭다.,2025-07-15T04:46:47Z
URV000899,USR0267,MOV0160,VEW003193,3,투명 공룡과 보낸 평범한 하루,아이의 상상이 귀엽다.,2025-01-13T16:53:15Z
URV000900,USR0267,MOV0154,VEW003194,1,AS 불가 판정인 도깨비 코미디,웃기지 않았다.,2025-11-01T22:49:07Z
URV000901,USR0267,MOV0123,VEW003195,3,거울 속 웃음의 무난한 비밀,초반은 볼 만하다.,2025-09-04T06:56:41Z
URV000902,USR0268,MOV0037,VEW003205,4.5,새벽 네 시에 멈춘 층,밀폐 추리의 완성도가 높았다.,2026-02-11T17:09:20Z
URV000903,USR0268,MOV0013,VEW003206,3.5,소양강이 삼킨 대답,겨울 정서와 상실이 깊었다.,2023-04-22T07:50:22Z
URV000904,USR0268,MOV0065,VEW003207,2,사과 메뉴의 반복 주문,웃음이 금방 마른다.,2025-11-25T17:25:34Z
URV000905,USR0269,MOV0122,VEW003217,3,새벽 배송의 폐쇄 구역,노동 묘사는 좋지만 반전은 평이하다.,2025-12-01T14:47:09Z
URV000906,USR0269,MOV0006,VEW003218,4.5,바다에 도착한 마지막 승객,버스 안 사연들이 아름답게 이어졌다.,2025-11-21T23:01:00Z
URV000907,USR0269,MOV0086,VEW003219,4,2058년에도 이어진 반찬 비법,미래 가족 드라마가 따뜻했다.,2026-02-26T18:19:27Z
URV000908,USR0270,MOV0068,VEW003229,2.5,아버지의 늦은 오디션,훈훈하지만 예상 가능하다.,2026-05-23T06:39:10Z
URV000909,USR0270,MOV0161,VEW003230,4,새벽 시장이 깨어나는 백 가지 순간,현장감이 뛰어났다.,2026-02-07T17:16:37Z
URV000910,USR0270,MOV0091,VEW003231,2.5,달 편의점의 평범한 야간,우주 설정이 약하다.,2026-03-17T01:58:15Z
URV000911,USR0271,MOV0017,VEW003241,3,정류장 의자의 조용한 사계,담백하지만 잔잔하다.,2026-05-26T12:28:59Z
URV000912,USR0271,MOV0018,VEW003242,3.5,냉장고에 남은 겨울 반찬,가족 기억이 따뜻했다.,2023-08-13T11:38:58Z
URV000913,USR0271,MOV0038,VEW003243,3,봉인된 신고서의 무난한 해제,초반 분위기가 좋다.,2026-05-13T17:53:49Z
URV000914,USR0272,MOV0110,VEW003253,2.5,여우비 편지의 같은 사연,세계는 예쁘지만 반복된다.,2026-04-30T21:50:26Z
URV000915,USR0272,MOV0121,VEW003254,2,0호실을 향한 지루한 걸음,공포가 약하다.,2026-04-17T05:48:38Z
URV000916,USR0272,MOV0109,VEW003255,3,시간 빵의 무난한 맛,발상은 좋지만 규칙이 모호하다.,2026-06-03T14:40:12Z
URV000917,USR0273,MOV0158,VEW003265,3.5,로봇 강아지의 진심 어린 꼬리,우정이 따뜻했다.,2025-10-18T02:00:49Z
URV000918,USR0273,MOV0183,VEW003266,2,검보다 무거운 해동설명,액션이 살지 않는다.,2026-01-23T13:51:39Z
URV000919,USR0273,MOV0178,VEW003267,2,고향을 번역하다 감정을 잃다,메시지가 앞선다.,2026-05-10T03:09:14Z
URV000920,USR0274,MOV0056,VEW003277,2,파도 시간을 묻다 지친 영화,로맨스가 느리다.,2024-11-20T12:43:19Z
URV000921,USR0274,MOV0003,VEW003278,3,3번 승강장의 평범한 여름,청춘 감성은 좋다.,2025-11-29T05:20:33Z
URV000922,USR0274,MOV0057,VEW003279,3.5,비어 있어 더 선명한 자리,상실을 담담히 다뤘다.,2023-05-22T06:17:44Z
URV000923,USR0275,MOV0076,VEW003289,3,고시원 야식의 소박한 위로,따뜻하지만 무난하다.,2025-06-16T12:27:22Z
URV000924,USR0275,MOV0132,VEW003290,2.5,숨 쉬는 벽지의 얕은 공포,설정만 좋다.,2024-07-23T08:07:18Z
URV000925,USR0275,MOV0192,VEW003291,3.5,상륙 전야를 찍은 마지막 필름,전쟁의 긴장이 사진가 시선으로 잘 살아났다.,2024-08-08T07:51:40Z
URV000926,USR0276,MOV0126,VEW003301,1,흰 운동화의 계산된 눈물,감정 강요가 심하다.,2026-06-16T20:19:54Z
URV000927,USR0276,MOV0167,VEW003302,4,야간 자율학습이 남긴 목소리,교육 현실을 입체적으로 기록했다.,2022-07-14T12:33:14Z
URV000928,USR0276,MOV0006,VEW003303,4,마지막 버스가 연 새벽 바다,승객들의 삶이 깊게 남았다.,2023-11-13T04:39:19Z
URV000929,USR0277,MOV0088,VEW003313,2,꿈 백업 오류만 가득한 보고서,기술 규칙이 허술하다.,2025-10-14T13:03:49Z
URV000930,USR0277,MOV0125,VEW003314,3,빈 교실의 늦은 출석,학원 공포로 무난하다.,2025-11-08T02:18:06Z
URV000931,USR0277,MOV0073,VEW003315,3,사라진 대리님의 무난한 단서,회사 배경은 재밌다.,2026-05-23T15:15:38Z
URV000932,USR0278,MOV0126,VEW003325,1,장례식 눈물의 과다 청구,억지스럽다.,2026-06-19T17:10:14Z
URV000933,USR0278,MOV0051,VEW003326,2,월세와 고백의 불편한 동거,주거 불안과 연애 갈등이 서로 만나지 못하고 겉돈다.,2026-01-08T00:42:46Z
URV000934,USR0278,MOV0194,VEW003327,3,27번 항로의 안정적 착륙,교신은 좋지만 결말이 무난하다.,2025-06-16T15:29:54Z
URV000935,USR0279,MOV0184,VEW003337,2,북항 추격선의 느린 엔진,액션이 반복된다.,2025-08-26T16:14:35Z
URV000936,USR0279,MOV0174,VEW003338,4,백 년 씨앗의 다음 봄,보존가들의 집념이 감동적이었다.,2023-04-15T16:52:37Z
URV000937,USR0279,MOV0083,VEW003339,4,0미터 한강이 드러낸 도시,재난 풍경과 인물 선택이 강렬했다.,2023-01-21T09:55:43Z
URV000938,USR0280,MOV0061,VEW003349,2.5,부장님의 또 다른 뻔한 잠입,직장 농담이 낡았다.,2026-06-20T11:19:53Z
URV000939,USR0280,MOV0001,VEW003350,4.5,세탁소가 기억한 도시의 새벽,완성도 높은 생활 드라마다.,2023-11-12T18:02:45Z
URV000940,USR0280,MOV0171,VEW003351,2,교대 사이에 놓친 사람,기록보다 재연이 많다.,2024-08-06T18:59:23Z
URV000941,USR0281,MOV0117,VEW003361,2,달팽이 호텔의 끝없는 체크인,객실 소개만 이어져 실제 여행은 좀처럼 시작되지 않는다.,2026-07-08T20:12:45Z
URV000942,USR0281,MOV0147,VEW003362,3.5,별똥별 정비소의 야간 작업,우주 장인의 세계가 매력적이다.,2025-03-23T22:39:54Z
URV000943,USR0281,MOV0154,VEW003363,1.5,방망이 AS의 고장 난 농담,반복적이다.,2025-12-02T11:22:18Z
URV000944,USR0282,MOV0133,VEW003373,2,녹음되지 않은 비명의 과장,인물이 답답하다.,2026-02-28T10:31:47Z
URV000945,USR0282,MOV0035,VEW003374,4,종점의 빨간 코트가 남긴 표,추리와 감정이 잘 맞았다.,2026-07-10T08:02:46Z
URV000946,USR0282,MOV0154,VEW003375,2,도깨비 AS센터의 지연 안내,코미디가 단조롭다.,2026-03-03T21:14:46Z
URV000947,USR0283,MOV0064,VEW003385,3,세입자 선거의 현실 공약,생활 풍자는 좋지만 결말은 평이하다.,2025-09-20T02:45:21Z
URV000948,USR0283,MOV0154,VEW003386,1.5,방망이보다 먼저 고장 난 전개,웃음이 없다.,2026-01-05T13:59:05Z
URV000949,USR0283,MOV0073,VEW003387,4.5,대리님의 빈 책상에 남은 로그,직장 추리가 날카롭고 유쾌했다.,2026-03-19T16:19:04Z
URV000950,USR0284,MOV0078,VEW003397,3,사장님 휴가 중의 평범한 소동,가볍게 볼 만하다.,2026-01-01T06:14:09Z
URV000951,USR0284,MOV0042,VEW003398,1.5,7.5센티미터만큼 얕은 감정,관계가 설득력 없다.,2025-11-15T07:44:04Z
URV000952,USR0284,MOV0027,VEW003399,3.5,파도 아래 보관된 마지막 음원,수중 음향과 추리가 좋았다.,2024-03-01T06:25:54Z
URV000953,USR0285,MOV0173,VEW003409,2.5,소리를 만진 손의 흐린 기록,소재를 깊게 다루지 못했다.,2025-06-01T11:29:53Z
URV000954,USR0285,MOV0053,VEW003410,4,바람 없는 사진에 남은 움직임,사진가의 시선과 감정이 섬세했다.,2026-04-24T11:22:53Z
URV000955,USR0285,MOV0129,VEW003411,4,반지하에 밀려온 보이지 않는 파도,주거 불안을 강렬하게 담았다.,2026-03-15T12:42:00Z
URV000956,USR0286,MOV0002,VEW003421,3,을지로 별 수리공의 하루,골목 미술은 좋지만 결말이 쉽다.,2026-01-15T19:55:05Z
URV000957,USR0286,MOV0038,VEW003422,4,봉인된 분실 신고의 열쇠,야간 수사의 단서 회수가 좋았다.,2026-06-18T08:59:40Z
URV000958,USR0286,MOV0076,VEW003423,2.5,고시원 셰프의 평범한 야식,따뜻하지만 새롭지 않다.,2025-09-20T13:30:33Z
URV000959,USR0287,MOV0111,VEW003433,2,그림자에게 붙인 흐린 이름,세계 규칙이 혼란스럽다.,2021-11-16T16:52:19Z
URV000960,USR0287,MOV0197,VEW003434,2,드론만 기억나는 밤,인물 서사가 얕다.,2025-09-06T18:00:21Z
URV000961,USR0287,MOV0172,VEW003435,2,책이 도착해도 섬은 비어 있었다,주민 이야기가 약하다.,2026-05-08T02:50:18Z
URV000962,USR0288,MOV0037,VEW003445,3,엘리베이터가 멈춘 새벽 네 시,층마다 달라지는 밀실 공간은 좋지만 범인의 결말이 무난하다.,2025-10-08T13:49:34Z
URV000963,USR0288,MOV0074,VEW003446,2,반려식물 면접의 한 가지 농담,전개가 단조롭다.,2026-05-03T13:05:29Z
URV000964,USR0288,MOV0042,VEW003447,2,7.5센티미터를 넘지 못한 두 사람,답답하다.,2025-03-06T16:01:48Z
URV000965,USR0289,MOV0033,VEW003457,3,안개 속 부표가 보낸 신호,해상 분위기는 좋지만 반전이 평이하다.,2024-07-30T19:39:04Z
URV000966,USR0289,MOV0080,VEW003458,4.5,로봇의 파업으로 시작된 가족 협상,재치와 통찰이 뛰어났다.,2025-04-08T07:27:34Z
URV000967,USR0289,MOV0004,VEW003459,2.5,우체통의 미지근한 기다림,정서는 좋지만 너무 잔잔하다.,2025-03-09T03:19:54Z
URV000968,USR0290,MOV0185,VEW003469,1.5,태권도장 밖으로 못 나간 이야기,경기가 반복된다.,2025-11-10T16:39:46Z
URV000969,USR0290,MOV0054,VEW003470,1,모르는 사이보다 낯선 개연성,납득하기 어렵다.,2025-11-14T07:56:32Z
URV000970,USR0290,MOV0089,VEW003471,3.5,내일 날씨의 판매 가격,기후 시장을 흥미롭게 그렸다.,2025-10-08T02:49:46Z
URV000971,USR0291,MOV0186,VEW003481,2,88구역의 느린 순찰차,같은 골목을 도는 순찰 액션이 장면만 바꿔 반복된다.,2026-02-03T21:38:30Z
URV000972,USR0291,MOV0191,VEW003482,1,조선 배달길의 빈 지도,액션과 감정이 모두 약하다.,2026-02-06T15:31:10Z
URV000973,USR0291,MOV0098,VEW003483,3.5,인공지능의 첫 반항기,사춘기와 학습 오류의 조합이 재밌다.,2026-05-19T21:42:42Z
URV000974,USR0292,MOV0109,VEW003493,1.5,시간을 태운 빵집,설정이 엉성하다.,2025-07-28T15:17:09Z
URV000975,USR0292,MOV0181,VEW003494,3,철의 강을 건넌 노동자들,산업 액션은 좋지만 인물은 무난하다.,2022-10-21T00:11:15Z
URV000976,USR0292,MOV0176,VEW003495,2,연어 지도만 선명한 기록,다큐 감정선이 약하다.,2025-07-01T11:13:00Z
URV000977,USR0293,MOV0093,VEW003505,2.5,알고리즘의 평범한 장례 절차,풍자가 예상 가능하다.,2025-12-04T10:36:11Z
URV000978,USR0293,MOV0160,VEW003506,2.5,투명 공룡과 희미한 모험,보이지 않는 발자국을 따라가는 놀이가 비슷한 방식으로 반복된다.,2026-01-10T05:39:02Z
URV000979,USR0293,MOV0101,VEW003507,2,달빛 대여의 긴 연체료,모험이 부족하다.,2026-05-19T12:24:18Z
URV000980,USR0294,MOV0136,VEW003517,3,숨비소리가 멈춘 밤,제주 정서는 좋지만 결말이 평이하다.,2026-07-14T17:02:58Z
URV000981,USR0294,MOV0083,VEW003518,4,한강 수위 0미터의 낯선 서울,재난 상상력이 뛰어났다.,2026-06-15T03:08:05Z
URV000982,USR0294,MOV0178,VEW003519,1.5,번역되지 않은 건 감정이었다,인물이 납작하다.,2026-05-22T03:19:02Z
URV000983,USR0295,MOV0178,VEW003529,1,고향도 사람도 오역,메시지만 남았다.,2026-06-03T22:48:17Z
URV000984,USR0295,MOV0052,VEW003530,1.5,2007년 선곡표만 재생됐다,이야기는 멈췄다.,2025-11-02T12:22:17Z
URV000985,USR0295,MOV0063,VEW003531,2,엄마 계정의 쉬운 비밀,세대 갈등이 뻔하다.,2025-10-12T10:06:11Z
URV000986,USR0296,MOV0052,VEW003541,2,플레이리스트 밖의 빈 이야기,추억에만 기댔다.,2025-10-22T21:29:40Z
URV000987,USR0296,MOV0035,VEW003542,4.5,빨간 코트의 마지막 하차,완벽한 미스터리와 여운이었다.,2025-12-27T20:20:40Z
URV000988,USR0296,MOV0013,VEW003543,4,소양강이 끝내 삼킨 대답,상실의 정서가 깊었다.,2026-01-05T10:34:45Z
URV000989,USR0297,MOV0090,VEW003553,3,정지 버튼 없는 도시의 피로,속도감은 좋지만 메시지가 직접적이다.,2026-02-02T03:45:11Z
URV000990,USR0297,MOV0050,VEW003554,2.5,여섯 시 온실의 긴 기다림,공간은 좋지만 감정이 약하다.,2026-02-11T21:51:14Z
URV000991,USR0297,MOV0142,VEW003555,2,구름이의 늦은 첫 배달,귀여움 외에는 단조롭다.,2025-12-20T20:12:23Z
URV000992,USR0298,MOV0189,VEW003565,3,택시기사 K가 지난 서울의 밤,승객 사연은 좋지만 연결이 평범하다.,2026-05-31T13:28:36Z
URV000993,USR0298,MOV0048,VEW003566,2.5,우편번호가 만든 긴 오해,편지 감성만 좋다.,2026-03-20T14:08:50Z
URV000994,USR0298,MOV0087,VEW003567,3.5,우주 엘리베이터 1층의 사람들,기다림 속 관계가 따뜻했다.,2025-11-29T23:30:35Z
URV000995,USR0299,MOV0009,VEW003577,4,유리창을 건넌 늦은 안부,보이지 않는 이웃의 목소리가 좋았다.,2026-02-10T12:10:59Z
URV000996,USR0299,MOV0148,VEW003578,3.5,막차에 올라탄 푸른 고래,도시 환상이 아름다웠다.,2025-06-20T07:33:40Z
URV000997,USR0299,MOV0008,VEW003579,3,분실물센터에 남은 달빛 조각,따뜻하지만 결말이 무난하다.,2026-06-07T14:01:43Z
URV000998,USR0300,MOV0017,VEW003589,2.5,정류장 의자의 긴 침묵,잔잔함이 다소 길다.,2025-01-20T15:28:53Z
URV000999,USR0300,MOV0130,VEW003590,3.5,마지막 상영에 남은 한 사람,극장 공포와 그리움이 좋았다.,2025-04-15T17:02:10Z
URV001000,USR0300,MOV0188,VEW003591,1.5,청해진 그림자의 흐린 전투,역사와 인물이 얕다.,2026-03-17T02:00:00Z
